country,year,tfr,estimate_method,subgroup,bloc,gdp_per_capita_ppp,urban_pop_pct,remittances_gdp_pct,under5_mortality,gdp_per_capita_ppp_missing,urban_pop_pct_missing,remittances_gdp_pct_missing,under5_mortality_missing,gdp_per_capita_ppp_lag1,urban_pop_pct_lag1,remittances_gdp_pct_lag1,under5_mortality_lag1,log_gdp_ppp,log_gdp_ppp_lag1,ca
Armenia,2000,1.469829,Interpolation,Caucasus,Rest of post-Soviet,4589.00825039977,64.959237917436,9.52937131880005,30.6,False,False,False,False,,,,,8.431419212257627,,0
Armenia,2001,1.402,Interpolation,Caucasus,Rest of post-Soviet,5044.11647826468,64.8228123790872,9.87694921780921,29.1,False,False,False,False,4589.00825039977,64.959237917436,9.52937131880005,30.6,8.525977789257652,8.431419212257627,0
Armenia,2002,1.405,Interpolation,Caucasus,Rest of post-Soviet,5731.35346609213,64.7396211980252,11.1049155369612,27.7,False,False,False,False,5044.11647826468,64.8228123790872,9.87694921780921,29.1,8.653706988813186,8.525977789257652,0
Armenia,2003,1.472834,Interpolation,Caucasus,Rest of post-Soviet,6569.26023440631,64.6663537455064,11.9648272324739,26.4,False,False,False,False,5731.35346609213,64.7396211980252,11.1049155369612,27.7,8.790156507636237,8.653706988813186,0
Armenia,2004,1.490542,Interpolation,Caucasus,Rest of post-Soviet,7299.40001858866,64.5972633621116,22.0185694314846,25.1,False,False,False,False,6569.26023440631,64.6663537455064,11.9648272324739,26.4,8.895547434524332,8.790156507636237,0
Armenia,2005,1.492145,Interpolation,Caucasus,Rest of post-Soviet,8362.90084037119,64.5334210637509,18.6763974290117,23.9,False,False,False,False,7299.40001858866,64.5972633621116,22.0185694314846,25.1,9.031560636366498,8.895547434524332,0
Armenia,2006,1.494005,Interpolation,Caucasus,Rest of post-Soviet,9525.23146779778,64.4758978663344,18.3128176140903,22.7,False,False,False,False,8362.90084037119,64.5334210637509,18.6763974290117,23.9,9.161699500780767,9.031560636366498,0
Armenia,2007,1.519056,Interpolation,Caucasus,Rest of post-Soviet,10898.8483795634,64.4257647857723,17.86140864212,21.6,False,False,False,False,9525.23146779778,64.4758978663344,18.3128176140903,22.7,9.296412409384473,9.161699500780767,0
Armenia,2008,1.541028,Interpolation,Caucasus,Rest of post-Soviet,11727.4821272949,64.3840928379746,16.3270491787545,20.6,False,False,False,False,10898.8483795634,64.4257647857723,17.86140864212,21.6,9.36969026620187,9.296412409384473,0
Armenia,2009,1.574183,Interpolation,Caucasus,Rest of post-Soviet,10143.2350796867,64.3519530388516,16.6491640509821,19.6,False,False,False,False,11727.4821272949,64.3840928379746,16.3270491787545,20.6,9.224562267651514,9.36969026620187,0
Armenia,2010,1.587759,Interpolation,Caucasus,Rest of post-Soviet,10438.5641904169,64.3304164043132,18.0268391620613,18.7,False,False,False,False,10143.2350796867,64.3519530388516,16.6491640509821,19.6,9.253262322325007,9.224562267651514,0
Armenia,2011,1.615303,Interpolation,Caucasus,Rest of post-Soviet,10990.177099035,64.3207449145194,17.7342226487981,17.8,False,False,False,False,10438.5641904169,64.3304164043132,18.0268391620613,18.7,9.304757161829704,9.253262322325007,0
Armenia,2012,1.647433,Interpolation,Caucasus,Rest of post-Soviet,11796.2741177994,64.3268379506998,18.0330178717679,16.9,False,False,False,False,10990.177099035,64.3207449145194,17.7342226487981,17.8,9.375539007864504,9.304757161829704,0
Armenia,2013,1.668943,Interpolation,Caucasus,Rest of post-Soviet,12194.0189523843,64.3584061131466,19.7113773941979,16.1,False,False,False,False,11796.2741177994,64.3268379506998,18.0330178717679,16.9,9.408700860705055,9.375539007864504,0
Armenia,2014,1.663358,Interpolation,Caucasus,Rest of post-Soviet,12667.3757330249,64.4142934233291,17.9044398383763,15.4,False,False,False,False,12194.0189523843,64.3584061131466,19.7113773941979,16.1,9.44678512739667,9.408700860705055,0
Armenia,2015,1.62067,Interpolation,Caucasus,Rest of post-Soviet,13112.7600902915,64.4929623431549,14.1327414277054,14.7,False,False,False,False,12667.3757330249,64.4142934233291,17.9044398383763,15.4,9.481341087801754,9.44678512739667,0
Armenia,2016,1.6248,Interpolation,Caucasus,Rest of post-Soviet,13192.9940731731,64.5928753345316,13.1074628255062,14.0,False,False,False,False,13112.7600902915,64.4929623431549,14.1327414277054,14.7,9.487441215643404,9.481341087801754,0
Armenia,2017,1.56087,Interpolation,Caucasus,Rest of post-Soviet,14243.8749003795,64.7124948593667,13.3477446383999,13.3,False,False,False,False,13192.9940731731,64.5928753345316,13.1074628255062,14.0,9.564082261740419,9.487441215643404,0
Armenia,2018,1.56746,Interpolation,Caucasus,Rest of post-Soviet,15037.0452420712,64.8502833795679,11.9427034082853,12.7,False,False,False,False,14243.8749003795,64.7124948593667,13.3477446383999,13.3,9.618272118234373,9.564082261740419,0
Armenia,2019,1.60075,Interpolation,Caucasus,Rest of post-Soviet,16215.3607965094,65.0047033570428,11.2189210772298,12.1,False,False,False,False,15037.0452420712,64.8502833795679,11.9427034082853,12.7,9.693714269280761,9.618272118234373,0
Armenia,2020,1.619121,Interpolation,Caucasus,Rest of post-Soviet,15052.9359791136,65.174217253699,10.4970552541265,11.6,False,False,False,False,16215.3607965094,65.0047033570428,11.2189210772298,12.1,9.619328332819745,9.693714269280761,0
Armenia,2021,1.7095,Interpolation,Caucasus,Rest of post-Soviet,15921.705281964,65.3572875314441,11.2171827452107,11.0,False,False,False,False,15052.9359791136,65.174217253699,10.4970552541265,11.6,9.675438569363154,9.619328332819745,0
Armenia,2022,1.719447,Projection,Caucasus,Rest of post-Soviet,17886.1783877168,65.5624462874485,10.8688335174113,10.5,False,False,False,False,15921.705281964,65.3572875314441,11.2171827452107,11.0,9.791783536451202,9.675438569363154,0
Armenia,2023,1.713989,Projection,Caucasus,Rest of post-Soviet,19402.7510915578,65.6956882008852,6.39621098617553,10.0,False,False,False,False,17886.1783877168,65.5624462874485,10.8688335174113,10.5,9.873170143840682,9.791783536451202,0
Azerbaijan,2000,1.698,Interpolation,Caucasus,Rest of post-Soviet,5656.92989378687,51.1320838928223,1.08356085483563,74.3,False,False,False,False,,,,,8.640636602440992,,0
Azerbaijan,2001,1.5895,Interpolation,Caucasus,Rest of post-Soviet,6168.98512059749,51.1584815979004,1.82431677750395,69.3,False,False,False,False,5656.92989378687,51.1320838928223,1.08356085483563,74.3,8.727289617243281,8.640636602440992,0
Azerbaijan,2002,1.5765,Interpolation,Caucasus,Rest of post-Soviet,6701.08174444207,51.2144165039062,2.61890157505979,64.4,False,False,False,False,6168.98512059749,51.1584815979004,1.82431677750395,69.3,8.810024246741039,8.727289617243281,0
Azerbaijan,2003,1.590928,Interpolation,Caucasus,Rest of post-Soviet,7329.40601818943,51.7257995605469,2.14332251762401,59.9,False,False,False,False,6701.08174444207,51.2144165039062,2.61890157505979,64.4,8.899649757243816,8.810024246741039,0
Azerbaijan,2004,1.965471,Interpolation,Caucasus,Rest of post-Soviet,7937.8594791002,52.2831993103027,2.34525903598978,55.8,False,False,False,False,7329.40601818943,51.7257995605469,2.14332251762401,59.9,8.979398930880981,8.899649757243816,0
Azerbaijan,2005,1.98187,Interpolation,Caucasus,Rest of post-Soviet,10054.1003389401,52.5028533935547,4.70528614042723,52.1,False,False,False,False,7937.8594791002,52.2831993103027,2.34525903598978,55.8,9.21573582420472,8.979398930880981,0
Azerbaijan,2006,2.019311,Interpolation,Caucasus,Rest of post-Soviet,13371.6585214534,52.6540145874023,3.7661645945845,48.7,False,False,False,False,10054.1003389401,52.5028533935547,4.70528614042723,52.1,9.500892710379743,9.21573582420472,0
Azerbaijan,2007,1.96811,Interpolation,Caucasus,Rest of post-Soviet,16587.3657240228,52.8281555175781,3.83587676218684,45.7,False,False,False,False,13371.6585214534,52.6540145874023,3.7661645945845,48.7,9.716396583597769,9.500892710379743,0
Azerbaijan,2008,1.90432,Interpolation,Caucasus,Rest of post-Soviet,17963.0208126838,53.063304901123,3.10805893221251,42.9,False,False,False,False,16587.3657240228,52.8281555175781,3.83587676218684,45.7,9.796070524410029,9.716396583597769,0
Azerbaijan,2009,1.82076,Interpolation,Caucasus,Rest of post-Soviet,19242.3900077231,53.1358125434574,2.8326399787509,40.2,False,False,False,False,17963.0208126838,53.063304901123,3.10805893221251,42.9,9.864870937280564,9.796070524410029,0
Azerbaijan,2010,1.924,Interpolation,Caucasus,Rest of post-Soviet,19925.3900662137,53.2848367714869,2.66549763240316,37.8,False,False,False,False,19242.3900077231,53.1358125434574,2.8326399787509,40.2,9.899750080190191,9.864870937280564,0
Azerbaijan,2011,1.98,Interpolation,Caucasus,Rest of post-Soviet,19358.0778100345,53.5085461893249,2.87035592504128,35.5,False,False,False,False,19925.3900662137,53.2848367714869,2.66549763240316,37.8,9.870865069229549,9.899750080190191,0
Azerbaijan,2012,2.141852,Interpolation,Caucasus,Rest of post-Soviet,19523.3737161356,53.8076442276208,2.85617334250334,33.4,False,False,False,False,19358.0778100345,53.5085461893249,2.87035592504128,35.5,9.879367678851462,9.870865069229549,0
Azerbaijan,2013,2.147511,Interpolation,Caucasus,Rest of post-Soviet,20398.6462250349,54.1821087431318,2.33704815215702,31.4,False,False,False,False,19523.3737161356,53.8076442276208,2.85617334250334,33.4,9.923223816112388,9.879367678851462,0
Azerbaijan,2014,2.130517,Interpolation,Caucasus,Rest of post-Soviet,20709.201611232,54.6319175926151,2.45405271812669,29.6,False,False,False,False,20398.6462250349,54.1821087431318,2.33704815215702,31.4,9.938333402764439,9.923223816112388,0
Azerbaijan,2015,2.091657,Interpolation,Caucasus,Rest of post-Soviet,20678.7539572375,55.1570486328276,2.3927167997352,27.9,False,False,False,False,20709.201611232,54.6319175926151,2.45405271812669,29.6,9.936862073288554,9.938333402764439,0
Azerbaijan,2016,2.032279,Interpolation,Caucasus,Rest of post-Soviet,19822.4105943941,55.7574797205266,1.69843941411199,26.5,False,False,False,False,20678.7539572375,55.1570486328276,2.3927167997352,27.9,9.894568424827092,9.936862073288554,0
Azerbaijan,2017,1.961045,Interpolation,Caucasus,Rest of post-Soviet,19659.0048562768,56.4331887124691,2.77334116720313,25.1,False,False,False,False,19822.4105943941,55.7574797205266,1.69843941411199,26.5,9.886290774733203,9.894568424827092,0
Azerbaijan,2018,1.905225,Interpolation,Caucasus,Rest of post-Soviet,19781.8509058437,57.1841534654123,2.60183768470009,23.8,False,False,False,False,19659.0048562768,56.4331887124691,2.77334116720313,25.1,9.8925201754118,9.886290774733203,0
Azerbaijan,2019,1.845177,Interpolation,Caucasus,Rest of post-Soviet,20101.491875147,58.1308191977779,2.64699324657026,22.7,False,False,False,False,19781.8509058437,57.1841534654123,2.60183768470009,23.8,9.908549313936932,9.8925201754118,0
Azerbaijan,2020,1.764272,Interpolation,Caucasus,Rest of post-Soviet,19126.096851126,58.2934691761937,3.2864567961961,21.5,False,False,False,False,20101.491875147,58.1308191977779,2.64699324657026,22.7,9.858809008743053,9.908549313936932,0
Azerbaijan,2021,1.710071,Interpolation,Caucasus,Rest of post-Soviet,20111.3756952109,58.3659969744818,2.78454087413308,20.5,False,False,False,False,19126.096851126,58.2934691761937,3.2864567961961,21.5,9.90904088894066,9.858809008743053,0
Azerbaijan,2022,1.687181,Interpolation,Caucasus,Rest of post-Soviet,21051.2442291612,58.4382815854684,5.012251973723,19.6,False,False,False,False,20111.3756952109,58.3659969744818,2.78454087413308,20.5,9.954714945637393,9.90904088894066,0
Azerbaijan,2023,1.670472,Projection,Caucasus,Rest of post-Soviet,21310.7386915022,58.5075350483702,2.64096975190127,18.7,False,False,False,False,21051.2442291612,58.4382815854684,5.012251973723,19.6,9.966966388569878,9.954714945637393,0
Belarus,2000,1.272026,Interpolation,Eastern European,Rest of post-Soviet,11182.4548339393,69.9172295434732,0.896610533841336,12.8,False,False,False,False,,,,,9.322101296303925,,0
Belarus,2001,1.241296,Interpolation,Eastern European,Rest of post-Soviet,11771.0872003861,70.3147201538086,0.543917266438404,11.8,False,False,False,False,11182.4548339393,69.9172295434732,0.896610533841336,12.8,9.373401566454543,9.322101296303925,0
Belarus,2002,1.202037,Interpolation,Eastern European,Rest of post-Soviet,12443.9322575939,70.8804702758789,0.552247667216307,10.9,False,False,False,False,11771.0872003861,70.3147201538086,0.543917266438404,11.8,9.428988414222085,9.373401566454543,0
Belarus,2003,1.191985,Interpolation,Eastern European,Rest of post-Soviet,13413.9265504854,71.3092422485352,0.920594142453945,10.1,False,False,False,False,12443.9322575939,70.8804702758789,0.552247667216307,10.9,9.504048741058394,9.428988414222085,0
Belarus,2004,1.195872,Interpolation,Eastern European,Rest of post-Soviet,15052.1182160947,71.7658538818359,1.034502146352,9.4,False,False,False,False,13413.9265504854,71.3092422485352,0.920594142453945,10.1,9.6192740055288,9.504048741058394,0
Belarus,2005,1.220702,Interpolation,Eastern European,Rest of post-Soviet,16579.8731683834,72.0310134887695,0.657396214062099,8.7,False,False,False,False,15052.1182160947,71.7658538818359,1.034502146352,9.4,9.715944778984719,9.6192740055288,0
Belarus,2006,1.305459,Interpolation,Eastern European,Rest of post-Soviet,18349.8719060634,72.6113815307617,0.725612161429094,8.0,False,False,False,False,16579.8731683834,72.0310134887695,0.657396214062099,8.7,9.817377872862352,9.715944778984719,0
Belarus,2007,1.393832,Interpolation,Eastern European,Rest of post-Soviet,20019.6111676728,73.0913467407227,0.636765248499207,7.3,False,False,False,False,18349.8719060634,72.6113815307617,0.725612161429094,8.0,9.904467630486433,9.817377872862352,0
Belarus,2008,1.448514,Interpolation,Eastern European,Rest of post-Soviet,22137.9472928315,73.5531692504883,0.960131319014907,6.6,False,False,False,False,20019.6111676728,73.0913467407227,0.636765248499207,7.3,10.005048487096746,9.904467630486433,0
Belarus,2009,1.481058,Interpolation,Eastern European,Rest of post-Soviet,22236.8387691136,74.1909646620571,0.990305944135918,6.1,False,False,False,False,22137.9472928315,73.5531692504883,0.960131319014907,6.6,10.009505596584887,10.005048487096746,0
Belarus,2010,1.478168,Interpolation,Eastern European,Rest of post-Soviet,24012.6133040213,74.5501403808594,1.00520855385655,5.6,False,False,False,False,22236.8387691136,74.1909646620571,0.990305944135918,6.1,10.086334525608992,10.009505596584887,0
Belarus,2011,1.524056,Interpolation,Eastern European,Rest of post-Soviet,25404.7566082412,75.0597534179688,1.44197805594884,5.2,False,False,False,False,24012.6133040213,74.5501403808594,1.00520855385655,5.6,10.14269170351515,10.086334525608992,0
Belarus,2012,1.623373,Interpolation,Eastern European,Rest of post-Soviet,25879.1319400701,75.5281066894531,1.60323623987362,4.9,False,False,False,False,25404.7566082412,75.0597534179688,1.44197805594884,5.2,10.161192206323943,10.14269170351515,0
Belarus,2013,1.673131,Interpolation,Eastern European,Rest of post-Soviet,26147.6253584645,75.94970703125,1.60669829212816,4.6,False,False,False,False,25879.1319400701,75.5281066894531,1.60323623987362,4.9,10.171513656898009,10.161192206323943,0
Belarus,2014,1.701985,Interpolation,Eastern European,Rest of post-Soviet,26564.4347246547,76.3405227661133,1.56230434080626,4.3,False,False,False,False,26147.6253584645,75.94970703125,1.60669829212816,4.6,10.187328559707192,10.171513656898009,0
Belarus,2015,1.728063,Interpolation,Eastern European,Rest of post-Soviet,25513.2132958317,76.6263885498047,1.64999344176125,4.1,False,False,False,False,26564.4347246547,76.3405227661133,1.56230434080626,4.3,10.146951765407586,10.187328559707192,0
Belarus,2016,1.727121,Interpolation,Eastern European,Rest of post-Soviet,24846.8301529359,76.8458709716797,2.04636934122529,3.9,False,False,False,False,25513.2132958317,76.6263885498047,1.64999344176125,4.1,10.120485464150411,10.146951765407586,0
Belarus,2017,1.549854,Interpolation,Eastern European,Rest of post-Soviet,25503.9809845207,77.0208206176758,2.29107483588373,3.6,False,False,False,False,24846.8301529359,76.8458709716797,2.04636934122529,3.9,10.146589836001548,10.120485464150411,0
Belarus,2018,1.457408,Interpolation,Eastern European,Rest of post-Soviet,26363.4629778536,77.2132720947266,2.40842124890758,3.4,False,False,False,False,25503.9809845207,77.0208206176758,2.29107483588373,3.6,10.179734352440555,10.146589836001548,0
Belarus,2019,1.389239,Interpolation,Eastern European,Rest of post-Soviet,26798.8206398076,77.4550771852757,2.20275770985534,3.1,False,False,False,False,26363.4629778536,77.2132720947266,2.40842124890758,3.4,10.196113159553327,10.179734352440555,0
Belarus,2020,1.369058,Projection,Eastern European,Rest of post-Soviet,26731.4953869922,77.7890385790408,1.65173922227239,2.9,False,False,False,False,26798.8206398076,77.4550771852757,2.20275770985534,3.1,10.193597751713012,10.196113159553327,0
Belarus,2021,1.370554,Projection,Eastern European,Rest of post-Soviet,27611.1801135157,78.131086803694,1.95829075886733,2.7,False,False,False,False,26731.4953869922,77.7890385790408,1.65173922227239,2.9,10.22597604626053,10.193597751713012,0
Belarus,2022,1.326413,Projection,Eastern European,Rest of post-Soviet,26537.5083081674,78.4732787892908,2.51903986221285,2.6,False,False,False,False,27611.1801135157,78.131086803694,1.95829075886733,2.7,10.186314419084185,10.22597604626053,0
Belarus,2023,1.207569,Projection,Eastern European,Rest of post-Soviet,27782.4380139967,78.8146420666327,2.32727539479038,2.4,False,False,False,False,26537.5083081674,78.4732787892908,2.51903986221285,2.6,10.232159373940483,10.186314419084185,0
Estonia,2000,1.347264,Interpolation,Baltic,Rest of post-Soviet,20528.5708195573,67.385529072627,0.0712666387766335,11.0,False,False,False,False,,,,,9.929572893345144,,0
Estonia,2001,1.315406,Interpolation,Baltic,Rest of post-Soviet,21874.6948334875,67.3926456349791,0.176325007110157,10.1,False,False,False,False,20528.5708195573,67.385529072627,0.0712666387766335,11.0,9.993085760659364,9.929572893345144,0
Estonia,2002,1.353164,Interpolation,Baltic,Rest of post-Soviet,23539.9060675759,67.4090870965661,0.259819126338696,9.3,False,False,False,False,21874.6948334875,67.3926456349791,0.176325007110157,10.1,10.066452390473932,9.993085760659364,0
Estonia,2003,1.364778,Interpolation,Baltic,Rest of post-Soviet,25487.5329152987,67.4341760348669,0.518470913867566,8.5,False,False,False,False,23539.9060675759,67.4090870965661,0.259819126338696,9.3,10.145944706310958,10.066452390473932,0
Estonia,2004,1.464967,Interpolation,Baltic,Rest of post-Soviet,27384.0831488798,67.467351453949,1.37364276049152,7.8,False,False,False,False,25487.5329152987,67.4341760348669,0.518470913867566,8.5,10.217717216609143,10.145944706310958,0
Estonia,2005,1.514667,Interpolation,Baltic,Rest of post-Soviet,30164.0063711861,67.5080523578799,1.80452851603841,7.1,False,False,False,False,27384.0831488798,67.467351453949,1.37364276049152,7.8,10.314404650540725,10.217717216609143,0
Estonia,2006,1.582784,Interpolation,Baltic,Rest of post-Soviet,33304.5935377333,67.5557177507269,2.30322072048345,6.5,False,False,False,False,30164.0063711861,67.5080523578799,1.80452851603841,7.1,10.413450610531202,10.314404650540725,0
Estonia,2007,1.684803,Interpolation,Baltic,Rest of post-Soviet,35989.864986622,67.6097866365576,1.69834419061507,5.9,False,False,False,False,33304.5935377333,67.5557177507269,2.30322072048345,6.5,10.49099264965237,10.413450610531202,0
Estonia,2008,1.718613,Interpolation,Baltic,Rest of post-Soviet,34236.950125417,67.6696980194394,1.7102671944637,5.4,False,False,False,False,35989.864986622,67.6097866365576,1.69834419061507,5.9,10.44106075284848,10.49099264965237,0
Estonia,2009,1.700792,Interpolation,Baltic,Rest of post-Soviet,29284.4047394108,67.7348909034398,1.73195269947209,5.0,False,False,False,False,34236.950125417,67.6696980194394,1.7102671944637,5.4,10.284810391850192,10.44106075284848,0
Estonia,2010,1.715837,Interpolation,Baltic,Rest of post-Soviet,30070.2990791103,67.8048042926262,1.8289159181023,4.6,False,False,False,False,29284.4047394108,67.7348909034398,1.73195269947209,5.0,10.311293222029231,10.284810391850192,0
Estonia,2011,1.615645,Interpolation,Baltic,Rest of post-Soviet,32456.1208864878,67.8775556334506,1.88230425106787,4.2,False,False,False,False,30070.2990791103,67.8048042926262,1.8289159181023,4.6,10.38764432950616,10.311293222029231,0
Estonia,2012,1.561469,Interpolation,Baltic,Rest of post-Soviet,33768.572369804,67.9629593320316,1.98247424575578,3.9,False,False,False,False,32456.1208864878,67.8775556334506,1.88230425106787,4.2,10.427285837383954,10.38764432950616,0
Estonia,2013,1.5239,Interpolation,Baltic,Rest of post-Soviet,34484.2236457273,68.0923458296768,2.21914951049391,3.6,False,False,False,False,33768.572369804,67.9629593320316,1.98247424575578,3.9,10.4482572128014,10.427285837383954,0
Estonia,2014,1.542711,Interpolation,Baltic,Rest of post-Soviet,35723.6266134228,68.2668382808032,2.01038525239817,3.4,False,False,False,False,34484.2236457273,68.0923458296768,2.21914951049391,3.6,10.483567558767932,10.4482572128014,0
Estonia,2015,1.580458,Interpolation,Baltic,Rest of post-Soviet,36356.4410152614,68.4796609690553,1.96158904837248,3.2,False,False,False,False,35723.6266134228,68.2668382808032,2.01038525239817,3.4,10.501126661632174,10.483567558767932,0
Estonia,2016,1.603494,Interpolation,Baltic,Rest of post-Soviet,37470.0427676805,68.724038178078,1.98070961291692,3.0,False,False,False,False,36356.4410152614,68.4796609690553,1.96158904837248,3.2,10.531297033171668,10.501126661632174,0
Estonia,2017,1.595724,Interpolation,Baltic,Rest of post-Soviet,39533.4645582199,68.9931941915158,1.83873745060341,2.8,False,False,False,False,37470.0427676805,68.724038178078,1.98070961291692,3.0,10.584902796220033,10.531297033171668,0
Estonia,2018,1.670176,Interpolation,Baltic,Rest of post-Soviet,40853.6487755073,69.2803532930133,1.82689423284705,2.7,False,False,False,False,39533.4645582199,68.9931941915158,1.83873745060341,2.8,10.617751417609087,10.584902796220033,0
Estonia,2019,1.661437,Interpolation,Baltic,Rest of post-Soviet,42218.962853871,69.5787397662154,1.70019299478304,2.5,False,False,False,False,40853.6487755073,69.2803532930133,1.82689423284705,2.7,10.650624755820404,10.617751417609087,0
Estonia,2020,1.587592,Interpolation,Baltic,Rest of post-Soviet,40920.5270623015,69.8815778947665,1.59281791364911,2.4,False,False,False,False,42218.962853871,69.5787397662154,1.70019299478304,2.5,10.619387100293011,10.650624755820404,0
Estonia,2021,1.59408,Interpolation,Baltic,Rest of post-Soviet,44251.5374983455,70.1777274135822,1.58570663884137,2.3,False,False,False,False,40920.5270623015,69.8815778947665,1.59281791364911,2.4,10.697645395557778,10.619387100293011,0
Estonia,2022,1.41,Interpolation,Baltic,Rest of post-Soviet,43128.6327713627,70.4892333736738,1.22967848244244,2.2,False,False,False,False,44251.5374983455,70.1777274135822,1.58570663884137,2.3,10.671942388962352,10.697645395557778,0
Estonia,2023,1.35,Projection,Baltic,Rest of post-Soviet,41288.6165892158,70.6770085523126,1.17495352017049,2.1,False,False,False,False,43128.6327713627,70.4892333736738,1.22967848244244,2.2,10.628342113577155,10.671942388962352,0
Georgia,2000,1.609324,Interpolation,Caucasus,Rest of post-Soviet,5706.27236527837,52.4935999592259,6.73529202312621,35.8,False,False,False,False,,,,,8.649321263771018,,0
Georgia,2001,1.579177,Interpolation,Caucasus,Rest of post-Soviet,6074.08643017282,52.4098165040349,6.79115752466275,33.4,False,False,False,False,5706.27236527837,52.4935999592259,6.73529202312621,35.8,8.711786875035706,8.649321263771018,0
Georgia,2002,1.570594,Interpolation,Caucasus,Rest of post-Soviet,6464.32539672648,52.4127676027039,6.66503181205268,30.9,False,False,False,False,6074.08643017282,52.4098165040349,6.79115752466275,33.4,8.774053938774035,8.711786875035706,0
Georgia,2003,1.551747,Interpolation,Caucasus,Rest of post-Soviet,7227.73705960701,52.5144705663341,6.22476000287562,28.3,False,False,False,False,6464.32539672648,52.4127676027039,6.66503181205268,30.9,8.88568127302151,8.774053938774035,0
Georgia,2004,1.565929,Interpolation,Caucasus,Rest of post-Soviet,7693.91525392067,52.7173199317225,6.99638215069328,25.8,False,False,False,False,7227.73705960701,52.5144705663341,6.22476000287562,28.3,8.948185068684472,8.88568127302151,0
Georgia,2005,1.583265,Interpolation,Caucasus,Rest of post-Soviet,8485.58670534953,53.0036280624359,6.95697266099558,23.3,False,False,False,False,7693.91525392067,52.7173199317225,6.99638215069328,25.8,9.046124321459281,8.948185068684472,0
Georgia,2006,1.616842,Interpolation,Caucasus,Rest of post-Soviet,9337.98906420101,53.3593916521584,8.09978657953664,21.0,False,False,False,False,8485.58670534953,53.0036280624359,6.95697266099558,23.3,9.141846204423,9.046124321459281,0
Georgia,2007,1.6968,Interpolation,Caucasus,Rest of post-Soviet,10567.2747164758,53.7706073945741,8.68054072402569,19.0,False,False,False,False,9337.98906420101,53.3593916521584,8.09978657953664,21.0,9.265517213687636,9.141846204423,0
Georgia,2008,1.831635,Interpolation,Caucasus,Rest of post-Soviet,10856.1031328003,54.2232719833673,8.3236359191983,17.1,False,False,False,False,10567.2747164758,53.7706073945741,8.68054072402569,19.0,9.2924827015433,9.265517213687636,0
Georgia,2009,1.9926,Interpolation,Caucasus,Rest of post-Soviet,10553.0896395853,54.7033821122222,10.3243983088381,15.5,False,False,False,False,10856.1031328003,54.2232719833673,8.3236359191983,17.1,9.26417395286275,9.2924827015433,0
Georgia,2010,1.9728,Interpolation,Caucasus,Rest of post-Soviet,11294.3685917112,55.1969344748228,9.52719496152171,14.2,False,False,False,False,10553.0896395853,54.7033821122222,10.3243983088381,15.5,9.332059525764626,9.26417395286275,0
Georgia,2011,1.915175,Interpolation,Caucasus,Rest of post-Soviet,12288.6828861156,55.6899257648533,9.99835475121327,13.1,False,False,False,False,11294.3685917112,55.1969344748228,9.52719496152171,14.2,9.416434027257663,9.332059525764626,0
Georgia,2012,1.929131,Interpolation,Caucasus,Rest of post-Soviet,13193.9596974054,56.1683526759979,10.4775310757486,12.2,False,False,False,False,12288.6828861156,55.6899257648533,9.99835475121327,13.1,9.487514405162825,9.416434027257663,0
Georgia,2013,1.992728,Interpolation,Caucasus,Rest of post-Soviet,13913.0018245661,56.6182119019407,11.1047071149006,11.5,False,False,False,False,13193.9596974054,56.1683526759979,10.4775310757486,12.2,9.540579064982966,9.487514405162825,0
Georgia,2014,2.18,Interpolation,Caucasus,Rest of post-Soviet,14475.3135356035,57.0237612994258,11.056847673479,11.0,False,False,False,False,13913.0018245661,56.6182119019407,11.1047071149006,11.5,9.580199962697353,9.540579064982966,0
Georgia,2015,2.21445,Interpolation,Caucasus,Rest of post-Soviet,14936.8434116647,57.3803800455672,9.5819813727681,10.6,False,False,False,False,14475.3135356035,57.0237612994258,11.056847673479,11.0,9.611586152003332,9.580199962697353,0
Georgia,2016,2.22789,Interpolation,Caucasus,Rest of post-Soviet,15442.9564358054,57.6984032005062,9.84674425354464,10.2,False,False,False,False,14936.8434116647,57.3803800455672,9.5819813727681,10.6,9.644908284251944,9.611586152003332,0
Georgia,2017,2.13639,Interpolation,Caucasus,Rest of post-Soviet,16237.6242230275,57.9996827205757,10.890132380253,10.0,False,False,False,False,15442.9564358054,57.6984032005062,9.84674425354464,10.2,9.695086311328497,9.644908284251944,0
Georgia,2018,2.09321,Interpolation,Caucasus,Rest of post-Soviet,17228.6790847503,58.3038181862576,11.3631244569541,9.8,False,False,False,False,16237.6242230275,57.9996827205757,10.890132380253,10.0,9.754330662900651,9.695086311328497,0
Georgia,2019,2.02114,Interpolation,Caucasus,Rest of post-Soviet,18186.8816465807,58.6304091780343,12.8028589642654,9.6,False,False,False,False,17228.6790847503,58.3038181862576,11.3631244569541,9.8,9.808455824522444,9.754330662900651,0
Georgia,2020,1.9759,Interpolation,Caucasus,Rest of post-Soviet,17031.1440283426,58.9990552763878,13.1764161481873,9.4,False,False,False,False,18186.8816465807,58.6304091780343,12.8028589642654,9.6,9.742798948637239,9.808455824522444,0
Georgia,2021,1.98,Interpolation,Caucasus,Rest of post-Soviet,18915.6534005263,59.4293560618005,14.0238156359641,9.2,False,False,False,False,17031.1440283426,58.9990552763878,13.1764161481873,9.4,9.847745080511011,9.742798948637239,0
Georgia,2022,1.82,Interpolation,Caucasus,Rest of post-Soviet,20966.5280391134,60.0101622679115,15.4242760609985,9.0,False,False,False,False,18915.6534005263,59.4293560618005,14.0238156359641,9.2,9.950682542191572,9.847745080511011,0
Georgia,2023,1.81,Projection,Caucasus,Rest of post-Soviet,22590.5293649146,60.7523077799724,13.6504078223071,8.8,False,False,False,False,20966.5280391134,60.0101622679115,15.4242760609985,9.0,10.025286042782644,9.950682542191572,0
Kazakhstan,2000,1.89809,Interpolation,Central Asia,Central Asia,12935.864368308,56.0239607657944,0.368863297858754,42.1,False,False,False,False,,,,,9.467758916377301,,1
Kazakhstan,2001,1.905696,Interpolation,Central Asia,Central Asia,14612.0290050498,55.7813717131331,0.383878450645308,39.6,False,False,False,False,12935.864368308,56.0239607657944,0.368863297858754,42.1,9.58960037292893,9.467758916377301,1
Kazakhstan,2002,1.95617,Interpolation,Central Asia,Central Asia,15960.8738450013,55.5045911261585,0.451556685268236,37.2,False,False,False,False,14612.0290050498,55.7813717131331,0.383878450645308,39.6,9.677895621698017,9.58960037292893,1
Kazakhstan,2003,2.075107,Interpolation,Central Asia,Central Asia,17344.752672995,55.2115277236592,0.136856101332743,35.1,False,False,False,False,15960.8738450013,55.5045911261585,0.451556685268236,37.2,9.761045300034096,9.677895621698017,1
Kazakhstan,2004,2.201442,Interpolation,Central Asia,Central Asia,18886.5811908122,54.9200902244233,0.132966722215831,33.0,False,False,False,False,17344.752672995,55.2115277236592,0.136856101332743,35.1,9.846206958981423,9.761045300034096,1
Kazakhstan,2005,2.274309,Interpolation,Central Asia,Central Asia,20565.5294470866,54.6481873472392,0.108574815738916,31.0,False,False,False,False,18886.5811908122,54.9200902244233,0.132966722215831,33.0,9.93137162538961,9.846206958981423,1
Kazakhstan,2006,2.38042,Interpolation,Central Asia,Central Asia,22574.3429577665,54.4137278108953,0.103192446831978,28.9,False,False,False,False,20565.5294470866,54.6481873472392,0.108574815738916,31.0,10.02456927300079,9.93137162538961,1
Kazakhstan,2007,2.49025,Interpolation,Central Asia,Central Asia,24351.3464102542,54.2346203341799,0.136377234008485,26.8,False,False,False,False,22574.3429577665,54.4137278108953,0.103192446831978,28.9,10.10034242103769,10.02456927300079,1
Kazakhstan,2008,2.616441,Interpolation,Central Asia,Central Asia,24895.6645683245,54.1287736358813,0.0941014656535349,24.7,False,False,False,False,24351.3464102542,54.2346203341799,0.136377234008485,26.8,10.122448953571338,10.10034242103769,1
Kazakhstan,2009,2.579726,Interpolation,Central Asia,Central Asia,24901.3527260084,54.1167144748885,0.171887472539219,22.5,False,False,False,False,24895.6645683245,54.1287736358813,0.0941014656535349,24.7,10.122677407322895,10.122448953571338,1
Kazakhstan,2010,2.61,Interpolation,Central Asia,Central Asia,26374.8407672795,54.2054127497102,0.152354119782252,20.4,False,False,False,False,24901.3527260084,54.1167144748885,0.171887472539219,22.5,10.180165833500599,10.122677407322895,1
Kazakhstan,2011,2.605,Interpolation,Central Asia,Central Asia,27946.1603432944,54.3996086425518,0.0932936660895134,18.3,False,False,False,False,26374.8407672795,54.2054127497102,0.152354119782252,20.4,10.238035093235556,10.180165833500599,1
Kazakhstan,2012,2.64,Interpolation,Central Asia,Central Asia,28881.2417563728,54.69208192838,0.136051344243071,16.3,False,False,False,False,27946.1603432944,54.3996086425518,0.0932936660895134,18.3,10.270947589186735,10.238035093235556,1
Kazakhstan,2013,2.67,Interpolation,Central Asia,Central Asia,30177.4887221736,55.0779764821252,0.144275547930533,14.5,False,False,False,False,28881.2417563728,54.69208192838,0.136051344243071,16.3,10.314851518858822,10.270947589186735,1
Kazakhstan,2014,2.76,Interpolation,Central Asia,Central Asia,30986.4379168995,55.5524361787178,0.181279445291607,13.0,False,False,False,False,30177.4887221736,55.0779764821252,0.144275547930533,14.5,10.341304901190492,10.314851518858822,1
Kazakhstan,2015,2.755,Interpolation,Central Asia,Central Asia,30893.7594851041,56.1106048930882,0.15959228908192,11.9,False,False,False,False,30986.4379168995,55.5524361787178,0.181279445291607,13.0,10.33830948407862,10.341304901190492,1
Kazakhstan,2016,2.795,Interpolation,Central Asia,Central Asia,30758.3227260598,56.7476265001667,0.27984417174788,11.0,False,False,False,False,30893.7594851041,56.1106048930882,0.15959228908192,11.9,10.333915894371502,10.33830948407862,1
Kazakhstan,2017,2.745,Interpolation,Central Asia,Central Asia,31524.4416339794,57.4586448748837,0.33597213131325,10.5,False,False,False,False,30758.3227260598,56.7476265001667,0.27984417174788,11.0,10.358518448827871,10.333915894371502,1
Kazakhstan,2018,2.845,Interpolation,Central Asia,Central Asia,32330.2274546567,58.2388038921695,0.344618856879696,10.3,False,False,False,False,31524.4416339794,57.4586448748837,0.33597213131325,10.5,10.383757906100135,10.358518448827871,1
Kazakhstan,2019,2.89,Interpolation,Central Asia,Central Asia,33298.2123695035,59.0832474269546,0.278573150811193,10.2,False,False,False,False,32330.2274546567,58.2388038921695,0.344618856879696,10.3,10.41325899193008,10.383757906100135,1
Kazakhstan,2020,3.13,Interpolation,Central Asia,Central Asia,32011.5491499004,59.9871193541692,0.218836862121885,10.1,False,False,False,False,33298.2123695035,59.0832474269546,0.278573150811193,10.2,10.373852027603565,10.41325899193008,1
Kazakhstan,2021,3.32,Interpolation,Central Asia,Central Asia,32945.8515725823,61.030254280267,0.157213071084416,10.0,False,False,False,False,32011.5491499004,59.9871193541692,0.218836862121885,10.1,10.402620631324142,10.373852027603565,1
Kazakhstan,2022,3.05,Interpolation,Central Asia,Central Asia,33506.2614893237,61.444157327248,0.213219830288597,9.8,False,False,False,False,32945.8515725823,61.030254280267,0.157213071084416,10.0,10.419487610476702,10.402620631324142,1
Kazakhstan,2023,3.012421,Projection,Central Asia,Central Asia,34703.2349286604,61.7560919499181,0.115996073438374,9.6,False,False,False,False,33506.2614893237,61.444157327248,0.213219830288597,9.8,10.454588187199523,10.419487610476702,1
Kyrgyzstan,2000,2.576373,Interpolation,Central Asia,Central Asia,3638.46314292227,35.3216067847574,0.163812064068962,50.8,False,False,False,False,,,,,8.199316657990684,,1
Kyrgyzstan,2001,2.545637,Interpolation,Central Asia,Central Asia,3795.89059344129,35.3160273737858,0.297284121287703,48.1,False,False,False,False,3638.46314292227,35.3216067847574,0.163812064068962,50.8,8.241674337776349,8.199316657990684,1
Kyrgyzstan,2002,2.565579,Interpolation,Central Asia,Central Asia,3760.53239965257,35.3118703235333,1.88667073714928,45.5,False,False,False,False,3795.89059344129,35.3160273737858,0.297284121287703,48.1,8.2323158220125,8.241674337776349,1
Kyrgyzstan,2003,2.595357,Interpolation,Central Asia,Central Asia,3982.92722017802,35.3086519815317,3.66479861905155,43.0,False,False,False,False,3760.53239965257,35.3118703235333,1.88667073714928,45.5,8.289772310400593,8.2323158220125,1
Kyrgyzstan,2004,2.630736,Interpolation,Central Asia,Central Asia,4211.52248307857,35.3058886953128,8.09652452257376,40.9,False,False,False,False,3982.92722017802,35.3086519815317,3.66479861905155,43.0,8.345579496237802,8.289772310400593,1
Kyrgyzstan,2005,2.644842,Interpolation,Central Asia,Central Asia,4156.95849230116,35.3030968124082,12.7324731237381,39.2,False,False,False,False,4211.52248307857,35.3058886953128,8.09652452257376,40.9,8.332538954189836,8.345579496237802,1
Kyrgyzstan,2006,2.743576,Interpolation,Central Asia,Central Asia,4240.17017797554,35.2997926803498,16.6917334209106,37.6,False,False,False,False,4156.95849230116,35.3030968124082,12.7324731237381,39.2,8.352358683735549,8.332538954189836,1
Kyrgyzstan,2007,2.780943,Interpolation,Central Asia,Central Asia,4558.71267894172,35.2954926466692,18.513914681679,35.9,False,False,False,False,4240.17017797554,35.2997926803498,16.6917334209106,37.6,8.424795555402616,8.352358683735549,1
Kyrgyzstan,2008,2.838361,Interpolation,Central Asia,Central Asia,4894.9427801376,35.2897130588983,23.7992695009347,33.8,False,False,False,False,4558.71267894172,35.2954926466692,18.513914681679,35.9,8.49595786544534,8.424795555402616,1
Kyrgyzstan,2009,2.954713,Interpolation,Central Asia,Central Asia,4969.96132720374,35.2815523593591,20.9371247573683,31.6,False,False,False,False,4894.9427801376,35.2897130588983,23.7992695009347,33.8,8.511167337813667,8.49595786544534,1
Kyrgyzstan,2010,3.09639,Interpolation,Central Asia,Central Asia,4876.47964886483,35.267768240398,26.4100938758912,29.5,False,False,False,False,4969.96132720374,35.2815523593591,20.9371247573683,31.6,8.492178855095627,8.511167337813667,1
Kyrgyzstan,2011,3.140412,Interpolation,Central Asia,Central Asia,5092.85165751678,35.2466507961984,27.5695150811653,27.6,False,False,False,False,4876.47964886483,35.267768240398,26.4100938758912,29.5,8.53559319972112,8.492178855095627,1
Kyrgyzstan,2012,3.182737,Interpolation,Central Asia,Central Asia,4993.39431683528,35.218916221918,30.7544325527209,26.0,False,False,False,False,5092.85165751678,35.2466507961984,27.5695150811653,27.6,8.51587118131289,8.53559319972112,1
Kyrgyzstan,2013,3.149759,Interpolation,Central Asia,Central Asia,5418.54061993935,35.1850529225105,31.0564092290657,24.7,False,False,False,False,4993.39431683528,35.218916221918,30.7544325527209,26.0,8.597581799863391,8.51587118131289,1
Kyrgyzstan,2014,3.209546,Interpolation,Central Asia,Central Asia,5513.7544695252,35.1455493029297,30.0320907271748,23.5,False,False,False,False,5418.54061993935,35.1850529225105,31.0564092290657,24.7,8.61500106203323,8.597581799863391,1
Kyrgyzstan,2015,3.208325,Interpolation,Central Asia,Central Asia,5600.2143342846,35.1008937681291,25.2718946040713,22.3,False,False,False,False,5513.7544695252,35.1455493029297,30.0320907271748,23.5,8.630560149970204,8.61500106203323,1
Kyrgyzstan,2016,3.104141,Interpolation,Central Asia,Central Asia,5715.01041179003,35.0515747230627,29.2760903334236,21.1,False,False,False,False,5600.2143342846,35.1008937681291,25.2718946040713,22.3,8.650851398062777,8.630560149970204,1
Kyrgyzstan,2017,3.043527,Interpolation,Central Asia,Central Asia,5861.22200040503,34.9980805726839,32.2705172692664,20.0,False,False,False,False,5715.01041179003,35.0515747230627,29.2760903334236,21.1,8.676113393323506,8.650851398062777,1
Kyrgyzstan,2018,3.28,Interpolation,Central Asia,Central Asia,5951.82876758606,34.9408997219466,32.5055687336898,19.0,False,False,False,False,5861.22200040503,34.9980805726839,32.2705172692664,20.0,8.691453807212344,8.676113393323506,1
Kyrgyzstan,2019,3.33,Interpolation,Central Asia,Central Asia,6087.60193826927,34.8805205758044,28.7859049850987,18.3,False,False,False,False,5951.82876758606,34.9408997219466,32.5055687336898,19.0,8.714009512756887,8.691453807212344,1
Kyrgyzstan,2020,3.05,Interpolation,Central Asia,Central Asia,5537.79547319377,34.8174315392111,31.8069826721848,17.8,False,False,False,False,6087.60193826927,34.8805205758044,28.7859049850987,18.3,8.619351771520169,8.714009512756887,1
Kyrgyzstan,2021,2.89,Interpolation,Central Asia,Central Asia,5736.47883415154,34.7521210171204,32.5635356064056,17.5,False,False,False,False,5537.79547319377,34.8174315392111,31.8069826721848,17.8,8.654600857552541,8.619351771520169,1
Kyrgyzstan,2022,2.81,Interpolation,Central Asia,Central Asia,6139.77788825006,34.7003053497743,26.5775606386275,17.3,False,False,False,False,5736.47883415154,34.7521210171204,32.5635356064056,17.5,8.722543845934766,8.654600857552541,1
Kyrgyzstan,2023,2.8,Projection,Central Asia,Central Asia,6575.77541290499,34.706439175362,,17.0,False,False,True,False,6139.77788825006,34.7003053497743,26.5775606386275,17.3,8.791147783614026,8.722543845934766,1
Latvia,2000,1.244485,Interpolation,Baltic,Rest of post-Soviet,14554.2131724037,68.0520561441955,3.24916548495243,14.3,False,False,False,False,,,,,9.585635795797408,,0
Latvia,2001,1.222852,Interpolation,Baltic,Rest of post-Soviet,15695.906718153,68.0163660524785,3.34142859855123,13.4,False,False,False,False,14554.2131724037,68.0520561441955,3.24916548495243,14.3,9.661155238754418,9.585635795797408,0
Latvia,2002,1.257519,Interpolation,Baltic,Rest of post-Soviet,17096.5594440255,67.9813450702046,1.21699024462232,12.6,False,False,False,False,15695.906718153,68.0163660524785,3.34142859855123,13.4,9.746632520143121,9.661155238754418,0
Latvia,2003,1.32183,Interpolation,Baltic,Rest of post-Soviet,18717.6675525538,67.9493840506358,1.4007321575177,11.9,False,False,False,False,17096.5594440255,67.9813450702046,1.21699024462232,12.6,9.837223145717175,9.746632520143121,0
Latvia,2004,1.296752,Interpolation,Baltic,Rest of post-Soviet,20574.118201251,67.9206702831277,1.58071221596804,11.1,False,False,False,False,18717.6675525538,67.9493840506358,1.4007321575177,11.9,9.931789166850471,9.837223145717175,0
Latvia,2005,1.389376,Interpolation,Baltic,Rest of post-Soviet,23213.3539355881,67.8953910570353,2.32449363884608,10.5,False,False,False,False,20574.118201251,67.9206702831277,1.58071221596804,11.1,10.052482992731777,9.931789166850471,0
Latvia,2006,1.463824,Interpolation,Baltic,Rest of post-Soviet,26431.8140222767,67.873733661714,2.34955653000909,9.9,False,False,False,False,23213.3539355881,67.8953910570353,2.32449363884608,10.5,10.182323640213804,10.052482992731777,0
Latvia,2007,1.542382,Interpolation,Baltic,Rest of post-Soviet,29423.7371235063,67.8558853865191,1.87110120062372,9.3,False,False,False,False,26431.8140222767,67.873733661714,2.34955653000909,9.9,10.289557012719987,10.182323640213804,0
Latvia,2008,1.585392,Interpolation,Baltic,Rest of post-Soviet,28726.9722869522,67.8420335208058,5.62594953465104,8.8,False,False,False,False,29423.7371235063,67.8558853865191,1.87110120062372,9.3,10.265591761350402,10.289557012719987,0
Latvia,2009,1.471832,Interpolation,Baltic,Rest of post-Soviet,24520.6791475489,67.8323653539295,6.17581400071879,8.3,False,False,False,False,28726.9722869522,67.8420335208058,5.62594953465104,8.8,10.107272087364326,10.265591761350402,0
Latvia,2010,1.367074,Interpolation,Baltic,Rest of post-Soviet,24119.7307848939,67.8270681752453,5.35771550553895,7.7,False,False,False,False,24520.6791475489,67.8323653539295,6.17581400071879,8.3,10.090785489290187,10.107272087364326,0
Latvia,2011,1.342888,Interpolation,Baltic,Rest of post-Soviet,25308.7322074626,67.8266897008267,5.66570960282216,7.2,False,False,False,False,24119.7307848939,67.8270681752453,5.35771550553895,7.7,10.13890476170627,10.090785489290187,0
Latvia,2012,1.444325,Interpolation,Baltic,Rest of post-Soviet,27496.5454583635,67.8331638942219,5.52657807437145,6.6,False,False,False,False,25308.7322074626,67.8266897008267,5.66570960282216,7.2,10.221815656067974,10.13890476170627,0
Latvia,2013,1.527422,Interpolation,Baltic,Rest of post-Soviet,28375.1842887263,67.847334482933,5.5036877983812,6.1,False,False,False,False,27496.5454583635,67.8331638942219,5.52657807437145,6.6,10.253270249519487,10.221815656067974,0
Latvia,2014,1.64598,Interpolation,Baltic,Rest of post-Soviet,29243.7412502629,67.8686035364944,5.13085900004383,5.6,False,False,False,False,28375.1842887263,67.847334482933,5.5036877983812,6.1,10.283420855414239,10.253270249519487,0
Latvia,2015,1.706456,Interpolation,Baltic,Rest of post-Soviet,30599.6133134147,67.8965395668259,5.0703767353682,5.1,False,False,False,False,29243.7412502629,67.8686035364944,5.13085900004383,5.6,10.328742651044113,10.283420855414239,0
Latvia,2016,1.742342,Interpolation,Baltic,Rest of post-Soviet,31668.5148442662,67.9307110858472,4.55411994517047,4.8,False,False,False,False,30599.6133134147,67.8965395668259,5.0703767353682,5.1,10.363078243714629,10.328742651044113,0
Latvia,2017,1.698427,Interpolation,Baltic,Rest of post-Soviet,33036.3915943437,67.9706866054779,4.33514862848996,4.5,False,False,False,False,31668.5148442662,67.9307110858472,4.55411994517047,4.8,10.405365008424457,10.363078243714629,0
Latvia,2018,1.61249,Interpolation,Baltic,Rest of post-Soviet,34729.7062763057,68.0160346376376,3.72158241623154,4.2,False,False,False,False,33036.3915943437,67.9706866054779,4.33514862848996,4.5,10.455350688354406,10.405365008424457,0
Latvia,2019,1.609161,Interpolation,Baltic,Rest of post-Soviet,35208.1934590859,68.066323694246,3.45205124469257,3.9,False,False,False,False,34729.7062763057,68.0160346376376,3.72158241623154,4.2,10.469034103223784,10.455350688354406,0
Latvia,2020,1.5462,Interpolation,Baltic,Rest of post-Soviet,34225.8976044058,68.1211222872228,3.26049152549512,3.6,False,False,False,False,35208.1934590859,68.066323694246,3.45205124469257,3.9,10.440737876384128,10.469034103223784,0
Latvia,2021,1.5716,Interpolation,Baltic,Rest of post-Soviet,36912.0130602161,68.1808791463693,3.45020908059925,3.3,False,False,False,False,34225.8976044058,68.1211222872228,3.26049152549512,3.6,10.516292334233805,10.440737876384128,0
Latvia,2022,1.47,Interpolation,Baltic,Rest of post-Soviet,37718.7097958367,68.2570218109034,3.40541390123867,3.0,False,False,False,False,36912.0130602161,68.1808791463693,3.45020908059925,3.3,10.537911531386063,10.516292334233805,0
Latvia,2023,1.337526,Interpolation,Baltic,Rest of post-Soviet,37277.7217221317,68.3586316343061,2.88631577171599,2.8,False,False,False,False,37718.7097958367,68.2570218109034,3.40541390123867,3.0,10.526151154328312,10.537911531386063,0
Lithuania,2000,1.383066,Interpolation,Baltic,Rest of post-Soviet,15771.4269595328,66.9768374826555,0.432376552714905,10.7,False,False,False,False,,,,,9.665955161566277,,0
Lithuania,2001,1.281169,Interpolation,Baltic,Rest of post-Soviet,16933.0225490496,66.9286097501613,0.645555344192364,10.3,False,False,False,False,15771.4269595328,66.9768374826555,0.432376552714905,10.7,9.737020991327455,9.665955161566277,0
Lithuania,2002,1.231351,Interpolation,Baltic,Rest of post-Soviet,18216.5452581272,66.8887100219727,0.764919527460817,9.9,False,False,False,False,16933.0225490496,66.9286097501613,0.645555344192364,10.3,9.810085540218695,9.737020991327455,0
Lithuania,2003,1.26048,Interpolation,Baltic,Rest of post-Soviet,20302.9848798403,66.7596664428711,0.610520440247571,9.6,False,False,False,False,18216.5452581272,66.8887100219727,0.764919527460817,9.9,9.918523192636568,9.810085540218695,0
Lithuania,2004,1.271054,Interpolation,Baltic,Rest of post-Soviet,21867.2861464791,66.6022567749023,2.53919307476166,9.3,False,False,False,False,20302.9848798403,66.7596664428711,0.610520440247571,9.6,9.992747015732258,9.918523192636568,0
Lithuania,2005,1.291236,Interpolation,Baltic,Rest of post-Soviet,23944.7019948719,66.5784912109375,2.85487616028856,9.0,False,False,False,False,21867.2861464791,66.6022567749023,2.53919307476166,9.3,10.083502367298216,9.992747015732258,0
Lithuania,2006,1.322227,Interpolation,Baltic,Rest of post-Soviet,26129.3392566938,66.6381530761719,3.30190488506664,8.6,False,False,False,False,23944.7019948719,66.5784912109375,2.85487616028856,9.0,10.17081407142471,10.083502367298216,0
Lithuania,2007,1.358856,Interpolation,Baltic,Rest of post-Soviet,29370.7739737176,66.7184982299805,3.60716310368191,8.0,False,False,False,False,26129.3392566938,66.6381530761719,3.30190488506664,8.6,10.28775537637243,10.17081407142471,0
Lithuania,2008,1.444071,Interpolation,Baltic,Rest of post-Soviet,30445.7809464936,66.7527770996094,3.27256598885755,7.3,False,False,False,False,29370.7739737176,66.7184982299805,3.60716310368191,8.0,10.32370270677277,10.28775537637243,0
Lithuania,2009,1.499453,Interpolation,Baltic,Rest of post-Soviet,26217.5449293891,66.7816619873047,3.30674682269735,6.7,False,False,False,False,30445.7809464936,66.7527770996094,3.27256598885755,7.3,10.174184119424613,10.32370270677277,0
Lithuania,2010,1.499202,Interpolation,Baltic,Rest of post-Soviet,26887.4913057701,66.7712860107422,4.56671804926548,6.1,False,False,False,False,26217.5449293891,66.7816619873047,3.30674682269735,6.7,10.199416450220102,10.174184119424613,0
Lithuania,2011,1.548247,Interpolation,Baltic,Rest of post-Soviet,29240.7487851392,66.7518340055756,4.5278395086244,5.6,False,False,False,False,26887.4913057701,66.7712860107422,4.56671804926548,6.1,10.283318521782723,10.199416450220102,0
Lithuania,2012,1.591134,Interpolation,Baltic,Rest of post-Soviet,30920.330402208,66.8536758422852,3.52892651275714,5.3,False,False,False,False,29240.7487851392,66.7518340055756,4.5278395086244,5.6,10.339169188356038,10.283318521782723,0
Lithuania,2013,1.58291,Interpolation,Baltic,Rest of post-Soviet,32474.6413533554,67.0092086791992,4.44868367241846,5.1,False,False,False,False,30920.330402208,66.8536758422852,3.52892651275714,5.3,10.388214797701233,10.339169188356038,0
Lithuania,2014,1.628049,Interpolation,Baltic,Rest of post-Soviet,33975.0843756963,67.1514937628023,4.37464712421907,5.1,False,False,False,False,32474.6413533554,67.0092086791992,4.44868367241846,5.1,10.433382722480463,10.388214797701233,0
Lithuania,2015,1.705244,Interpolation,Baltic,Rest of post-Soviet,35251.2986931775,67.2282485961914,3.30473244592127,5.0,False,False,False,False,33975.0843756963,67.1514937628023,4.37464712421907,5.1,10.470257649921397,10.433382722480463,0
Lithuania,2016,1.692274,Interpolation,Baltic,Rest of post-Soviet,36618.1468417838,67.1894226074219,2.97861311278016,4.8,False,False,False,False,35251.2986931775,67.2282485961914,3.30473244592127,5.0,10.508299211862926,10.470257649921397,0
Lithuania,2017,1.633237,Interpolation,Baltic,Rest of post-Soviet,38774.4892011822,67.1012954711914,2.72747361994343,4.5,False,False,False,False,36618.1468417838,67.1894226074219,2.97861311278016,4.8,10.565517814551965,10.508299211862926,0
Lithuania,2018,1.635176,Interpolation,Baltic,Rest of post-Soviet,41019.7901632878,67.1464742010457,2.55608663061799,4.2,False,False,False,False,38774.4892011822,67.1012954711914,2.72747361994343,4.5,10.62180991614005,10.565517814551965,0
Lithuania,2019,1.610225,Interpolation,Baltic,Rest of post-Soviet,43062.3228425315,67.245735168457,2.36555049630818,3.9,False,False,False,False,41019.7901632878,67.1464742010457,2.55608663061799,4.2,10.670403713786019,10.62180991614005,0
Lithuania,2020,1.487075,Interpolation,Baltic,Rest of post-Soviet,43091.7973723526,67.4254608154297,1.37702741376978,3.7,False,False,False,False,43062.3228425315,67.245735168457,2.36555049630818,3.9,10.6710879417927,10.670403713786019,0
Lithuania,2021,1.35873,Interpolation,Baltic,Rest of post-Soviet,45873.5273239486,68.1912117004395,1.16066302778464,3.6,False,False,False,False,43091.7973723526,67.4254608154297,1.37702741376978,3.7,10.733643482911317,10.6710879417927,0
Lithuania,2022,1.27,Interpolation,Baltic,Rest of post-Soviet,46651.2145810247,68.2866452426813,1.03605141610572,3.5,False,False,False,False,45873.5273239486,68.1912117004395,1.16066302778464,3.6,10.750454241971386,10.733643482911317,0
Lithuania,2023,1.201006,Interpolation,Baltic,Rest of post-Soviet,46159.7081733083,68.575454583199,1.22409792475394,3.4,False,False,False,False,46651.2145810247,68.2866452426813,1.03605141610572,3.5,10.739862579093286,10.750454241971386,0
Moldova,2000,1.496288,Interpolation,Eastern European,Rest of post-Soviet,5727.07922525352,40.4185981750488,13.7826722310316,31.4,False,False,False,False,,,,,8.652960945937691,,0
Moldova,2001,1.470664,Interpolation,Eastern European,Rest of post-Soviet,6090.03474356112,39.6744270324707,16.3580954622492,28.5,False,False,False,False,5727.07922525352,40.4185981750488,13.7826722310316,31.4,8.714409065705915,8.652960945937691,0
Moldova,2002,1.447661,Interpolation,Eastern European,Rest of post-Soviet,6580.27841436838,39.620719909668,19.4118710536305,25.8,False,False,False,False,6090.03474356112,39.6744270324707,16.3580954622492,28.5,8.791832335638267,8.714409065705915,0
Moldova,2003,1.479474,Interpolation,Eastern European,Rest of post-Soviet,7034.35784911687,39.5945358276367,24.434256316304,23.4,False,False,False,False,6580.27841436838,39.620719909668,19.4118710536305,25.8,8.858561685939037,8.791832335638267,0
Moldova,2004,1.543093,Interpolation,Eastern European,Rest of post-Soviet,7573.6178454751,39.4460945129395,26.9939428415335,21.5,False,False,False,False,7034.35784911687,39.5945358276367,24.434256316304,23.4,8.932426151085686,8.858561685939037,0
Moldova,2005,1.527853,Interpolation,Eastern European,Rest of post-Soviet,8161.47344724765,39.3704032897949,30.621653152555,20.1,False,False,False,False,7573.6178454751,39.4460945129395,26.9939428415335,21.5,9.007180001173083,8.932426151085686,0
Moldova,2006,1.536956,Interpolation,Eastern European,Rest of post-Soviet,8577.02858037286,39.2182388305664,34.4991746381553,19.0,False,False,False,False,8161.47344724765,39.3704032897949,30.621653152555,20.1,9.056842813195766,9.007180001173083,0
Moldova,2007,1.574659,Interpolation,Eastern European,Rest of post-Soviet,8854.83397616724,39.4315032958984,33.8832385938611,18.2,False,False,False,False,8577.02858037286,39.2182388305664,34.4991746381553,19.0,9.0887188008788,9.056842813195766,0
Moldova,2008,1.637536,Interpolation,Eastern European,Rest of post-Soviet,9563.69814290939,39.3710708618164,31.1820776721655,17.7,False,False,False,False,8854.83397616724,39.4315032958984,33.8832385938611,18.2,9.165729766276428,9.0887188008788,0
Moldova,2009,1.718999,Interpolation,Eastern European,Rest of post-Soviet,9001.23432081622,39.3255348205566,24.8619604986136,17.2,False,False,False,False,9563.69814290939,39.3710708618164,31.1820776721655,17.7,9.105116993671958,9.165729766276428,0
Moldova,2010,1.703264,Interpolation,Eastern European,Rest of post-Soviet,9649.9509930271,39.2804946899414,25.1302427320706,16.8,False,False,False,False,9001.23432081622,39.3255348205566,24.8619604986136,17.2,9.17470811587735,9.105116993671958,0
Moldova,2011,1.650123,Interpolation,Eastern European,Rest of post-Soviet,10217.3087761255,39.3469161987305,21.5478268033462,16.5,False,False,False,False,9649.9509930271,39.2804946899414,25.1302427320706,16.8,9.231838499934256,9.17470811587735,0
Moldova,2012,1.661143,Interpolation,Eastern European,Rest of post-Soviet,10158.3854676883,39.3614196777344,22.8086850294921,16.2,False,False,False,False,10217.3087761255,39.3469161987305,21.5478268033462,16.5,9.226054797844236,9.231838499934256,0
Moldova,2013,1.621657,Interpolation,Eastern European,Rest of post-Soviet,11080.0634585341,39.4275512695312,23.0768148398865,16.0,False,False,False,False,10158.3854676883,39.3614196777344,22.8086850294921,16.2,9.312902687589396,9.226054797844236,0
Moldova,2014,1.82,Interpolation,Eastern European,Rest of post-Soviet,11641.1208436577,39.6298484802246,22.0793458644557,15.8,False,False,False,False,11080.0634585341,39.4275512695312,23.0768148398865,16.0,9.362299009060068,9.312902687589396,0
Moldova,2015,1.87,Interpolation,Eastern European,Rest of post-Soviet,11691.0797484184,39.6954040527344,19.751035292269,15.6,False,False,False,False,11641.1208436577,39.6298484802246,22.0793458644557,15.8,9.366581415334883,9.362299009060068,0
Moldova,2016,1.89,Interpolation,Eastern European,Rest of post-Soviet,12377.366678394,39.7373237609863,18.3841028050973,15.5,False,False,False,False,11691.0797484184,39.6954040527344,19.751035292269,15.6,9.423624815890474,9.366581415334883,0
Moldova,2017,1.81,Interpolation,Eastern European,Rest of post-Soviet,13118.8219369605,39.9736557006836,17.2146358007248,15.4,False,False,False,False,12377.366678394,39.7373237609863,18.3841028050973,15.5,9.481803267076385,9.423624815890474,0
Moldova,2018,1.81,Interpolation,Eastern European,Rest of post-Soviet,13895.5043655692,40.3258094787598,16.3337386523032,15.4,False,False,False,False,13118.8219369605,39.9736557006836,17.2146358007248,15.4,9.539320639867544,9.481803267076385,0
Moldova,2019,1.78,Interpolation,Eastern European,Rest of post-Soviet,14621.2401362286,40.772289276123,16.2728382462381,15.5,False,False,False,False,13895.5043655692,40.3258094787598,16.3337386523032,15.4,9.590230554345803,9.539320639867544,0
Moldova,2020,1.77,Interpolation,Eastern European,Rest of post-Soviet,13559.2600217483,41.3368530273438,16.274922384411,15.6,False,False,False,False,14621.2401362286,40.772289276123,16.2728382462381,15.5,9.514824989337823,9.590230554345803,0
Moldova,2021,1.7505,Interpolation,Eastern European,Rest of post-Soviet,15682.0703284653,41.8115425109863,15.4787484391198,15.8,False,False,False,False,13559.2600217483,41.3368530273438,16.274922384411,15.6,9.660273321442544,9.514824989337823,0
Moldova,2022,1.694409,Interpolation,Eastern European,Rest of post-Soviet,15358.0153548867,42.4048843383789,14.0294158168182,16.0,False,False,False,False,15682.0703284653,41.8115425109863,15.4787484391198,15.8,9.639392789687275,9.660273321442544,0
Moldova,2023,1.730637,Projection,Eastern European,Rest of post-Soviet,15990.4793311152,43.0011825561523,12.0387300286119,16.2,False,False,False,False,15358.0153548867,42.4048843383789,14.0294158168182,16.0,9.679748782308982,9.639392789687275,0
Russia,2000,1.189782,Interpolation,Eastern European,Rest of post-Soviet,20104.75,73.1568222045898,0.192503071220407,19.4,False,False,False,False,,,,,9.90871138453633,,0
Russia,2001,1.220712,Interpolation,Eastern European,Rest of post-Soviet,21219.904296875,73.22998046875,0.32172320232662,18.4,False,False,False,False,20104.75,73.1568222045898,0.192503071220407,19.4,9.962694902114213,9.90871138453633,0
Russia,2002,1.287229,Interpolation,Eastern European,Rest of post-Soviet,22319.677734375,73.2929008030615,0.270929070680024,17.3,False,False,False,False,21219.904296875,73.22998046875,0.32172320232662,18.4,10.013223977966954,9.962694902114213,0
Russia,2003,1.333674,Interpolation,Eastern European,Rest of post-Soviet,24057.927734375,73.4057388305664,0.258790908871147,16.1,False,False,False,False,22319.677734375,73.2929008030615,0.270929070680024,17.3,10.088219856741002,10.013223977966954,0
Russia,2004,1.345017,Interpolation,Eastern European,Rest of post-Soviet,25894.146484375,73.3065795898438,0.373382010119783,15.0,False,False,False,False,24057.927734375,73.4057388305664,0.258790908871147,16.1,10.161772217680486,10.088219856741002,0
Russia,2005,1.298916,Interpolation,Eastern European,Rest of post-Soviet,27656.658203125,73.1613922119141,0.449802113997943,13.9,False,False,False,False,25894.146484375,73.3065795898438,0.373382010119783,15.0,10.22762178096842,10.161772217680486,0
Russia,2006,1.314641,Interpolation,Eastern European,Rest of post-Soviet,30022.671875,73.2439193725586,0.385923449755519,12.8,False,False,False,False,27656.658203125,73.1613922119141,0.449802113997943,13.9,10.309708104391463,10.22762178096842,0
Russia,2007,1.427691,Interpolation,Eastern European,Rest of post-Soviet,32630.369140625,73.3856048583984,0.359030354019774,12.0,False,False,False,False,30022.671875,73.2439193725586,0.385923449755519,12.8,10.392998702444768,10.309708104391463,0
Russia,2008,1.517152,Interpolation,Eastern European,Rest of post-Soviet,34342.2265625,73.4822463989258,0.34542413264832,11.3,False,False,False,False,32630.369140625,73.3856048583984,0.359030354019774,12.0,10.44413097109443,10.392998702444768,0
Russia,2009,1.558792,Interpolation,Eastern European,Rest of post-Soviet,31654.00390625,73.5288696289062,0.417541988221401,10.7,False,False,False,False,34342.2265625,73.4822463989258,0.34542413264832,11.3,10.362619925297846,10.44413097109443,0
Russia,2010,1.585282,Interpolation,Eastern European,Rest of post-Soviet,33063.5859375,73.6696307887624,0.344282408841521,10.4,False,False,False,False,31654.00390625,73.5288696289062,0.417541988221401,10.7,10.406187833051819,10.362619925297846,0
Russia,2011,1.600857,Interpolation,Eastern European,Rest of post-Soviet,34444.64453125,73.8534851074219,0.298313804363493,10.2,False,False,False,False,33063.5859375,73.6696307887624,0.344282408841521,10.4,10.447108808080012,10.406187833051819,0
Russia,2012,1.708244,Interpolation,Eastern European,Rest of post-Soviet,35740.69921875,73.97265625,0.262090607919179,9.9,False,False,False,False,34444.64453125,73.8534851074219,0.298313804363493,10.2,10.484045352560937,10.447108808080012,0
Russia,2013,1.724581,Interpolation,Eastern European,Rest of post-Soviet,36260.06640625,74.0762949770228,0.294477562161684,9.5,False,False,False,False,35740.69921875,73.97265625,0.262090607919179,9.9,10.498472315698505,10.484045352560937,0
Russia,2014,1.766485,Interpolation,Eastern European,Rest of post-Soviet,35853.24609375,74.1776476748791,0.377640974141187,8.9,False,False,False,False,36260.06640625,74.0762949770228,0.294477562161684,9.5,10.487189388476793,10.498472315698505,0
Russia,2015,1.790093,Interpolation,Eastern European,Rest of post-Soviet,35037.15234375,74.275919065527,0.506305846173427,8.2,False,False,False,False,35853.24609375,74.1776476748791,0.377640974141187,8.9,10.46416427301925,10.487189388476793,0
Russia,2016,1.773402,Interpolation,Eastern European,Rest of post-Soviet,35005.44921875,74.3703138709243,0.523867598943551,7.5,False,False,False,False,35037.15234375,74.275919065527,0.506305846173427,8.2,10.4632590203171,10.46416427301925,0
Russia,2017,1.626532,Interpolation,Eastern European,Rest of post-Soviet,35570.390625,74.460036813029,0.523123068702963,6.9,False,False,False,False,35005.44921875,74.3703138709243,0.523867598943551,7.5,10.479268846748942,10.4632590203171,0
Russia,2018,1.581342,Interpolation,Eastern European,Rest of post-Soviet,36536.6953125,74.5442926137992,0.560375837837153,6.4,False,False,False,False,35570.390625,74.460036813029,0.523123068702963,6.9,10.506072385571095,10.479268846748942,0
Russia,2019,1.504,Interpolation,Eastern European,Rest of post-Soviet,37319.3203125,74.6222859951926,0.616170784814508,6.0,False,False,False,False,36536.6953125,74.5442926137992,0.560375837837153,6.4,10.527266442375819,10.506072385571095,0
Russia,2020,1.505,Interpolation,Eastern European,Rest of post-Soviet,36376.3359375,74.6932216791674,0.66406336325159,5.7,False,False,False,False,37319.3203125,74.6222859951926,0.616170784814508,6.0,10.501673730603505,10.527266442375819,0
Russia,2021,1.505,Interpolation,Eastern European,Rest of post-Soviet,38638.4296875,74.7516840220252,0.527388477992061,5.5,False,False,False,False,36376.3359375,74.6932216791674,0.66406336325159,5.7,10.562002647943192,10.501673730603505,0
Russia,2022,1.452,Interpolation,Eastern European,Rest of post-Soviet,38214.49609375,74.8544893625017,0.141610832659861,5.4,False,False,False,False,38638.4296875,74.7516840220252,0.527388477992061,5.5,10.550970201504741,10.562002647943192,0
Russia,2023,1.449,Interpolation,Eastern European,Rest of post-Soviet,39887.33984375,74.9805047873279,0.126306674820383,5.3,False,False,False,False,38214.49609375,74.8544893625017,0.141610832659861,5.4,10.59381425537944,10.550970201504741,0
Tajikistan,2000,3.49,Interpolation,Central Asia,Central Asia,1365.23327447129,26.5355104669232,,78.4,False,False,True,False,,,,,7.219080590066387,,1
Tajikistan,2001,3.49,Interpolation,Central Asia,Central Asia,1467.39882474638,26.5345041786379,,71.8,False,False,True,False,1365.23327447129,26.5355104669232,,78.4,7.291246605370741,7.219080590066387,1
Tajikistan,2002,3.47,Interpolation,Central Asia,Central Asia,1594.93890470219,26.5336513960096,6.43374005428851,65.6,False,False,False,False,1467.39882474638,26.5345041786379,,71.8,7.3745907102233685,7.291246605370741,1
Tajikistan,2003,3.42,Interpolation,Central Asia,Central Asia,1736.64039749855,26.5331204386766,9.38871507024825,59.8,False,False,False,False,1594.93890470219,26.5336513960096,6.43374005428851,65.6,7.45970771976445,7.3745907102233685,1
Tajikistan,2004,3.507367,Interpolation,Central Asia,Central Asia,1878.28696227255,26.5327772632159,12.1377953734503,54.6,False,False,False,False,1736.64039749855,26.5331204386766,9.38871507024825,59.8,7.538115450157223,7.45970771976445,1
Tajikistan,2005,3.397875,Interpolation,Central Asia,Central Asia,1965.30020458256,26.5324878262051,24.4070340378686,50.3,False,False,False,False,1878.28696227255,26.5327772632159,12.1377953734503,54.6,7.583400288503304,7.538115450157223,1
Tajikistan,2006,3.341013,Interpolation,Central Asia,Central Asia,2063.288508243,26.5321180842215,34.4803707889679,46.6,False,False,False,False,1965.30020458256,26.5324878262051,24.4070340378686,50.3,7.632056352175034,7.583400288503304,1
Tajikistan,2007,3.367402,Interpolation,Central Asia,Central Asia,2181.89798056536,26.5315339938424,40.6960068537209,43.6,False,False,False,False,2063.288508243,26.5321180842215,34.4803707889679,46.6,7.687950410288674,7.632056352175034,1
Tajikistan,2008,3.388089,Interpolation,Central Asia,Central Asia,2308.09430040334,26.5306015116451,44.1265382636326,41.2,False,False,False,False,2181.89798056536,26.5315339938424,40.6960068537209,43.6,7.7441774848536955,7.687950410288674,1
Tajikistan,2009,3.429676,Interpolation,Central Asia,Central Asia,2349.50030269416,26.529186594207,31.4438313512332,39.3,False,False,False,False,2308.09430040334,26.5306015116451,44.1265382636326,41.2,7.761957947376299,7.7441774848536955,1
Tajikistan,2010,3.456939,Interpolation,Central Asia,Central Asia,2449.27358745359,26.5274312963978,35.8104365109815,37.6,False,False,False,False,2349.50030269416,26.529186594207,31.4438313512332,39.3,7.803546764658563,7.761957947376299,1
Tajikistan,2011,3.456335,Interpolation,Central Asia,Central Asia,2572.48074895498,26.4792213439941,41.7379526470592,36.2,False,False,False,False,2449.27358745359,26.5274312963978,35.8104365109815,37.6,7.852625984280779,7.803546764658563,1
Tajikistan,2012,3.421208,Interpolation,Central Asia,Central Asia,2700.09546037358,26.4102249145508,42.2158394555421,35.0,False,False,False,False,2572.48074895498,26.4792213439941,41.7379526470592,36.2,7.901042407061341,7.852625984280779,1
Tajikistan,2013,3.432918,Interpolation,Central Asia,Central Asia,2828.38542075147,26.4883155822754,43.7683574907798,34.0,False,False,False,False,2700.09546037358,26.4102249145508,42.2158394555421,35.0,7.947461305124618,7.901042407061341,1
Tajikistan,2014,3.459384,Interpolation,Central Asia,Central Asia,2943.08867917317,26.5633735656738,37.1359784024863,33.0,False,False,False,False,2828.38542075147,26.4883155822754,43.7683574907798,34.0,7.987214880016397,7.947461305124618,1
Tajikistan,2015,3.458874,Interpolation,Central Asia,Central Asia,3041.44479553257,26.478832244873,27.306557809196,32.2,False,False,False,False,2943.08867917317,26.5633735656738,37.1359784024863,33.0,8.020087943187546,7.987214880016397,1
Tajikistan,2016,3.384335,Interpolation,Central Asia,Central Asia,3169.9667820524,26.3718509674072,26.70605713952,31.5,False,False,False,False,3041.44479553257,26.478832244873,27.306557809196,32.2,8.0614763879686,8.020087943187546,1
Tajikistan,2017,3.290289,Interpolation,Central Asia,Central Asia,3312.71202243506,26.2731513977051,29.6849721562403,31.0,False,False,False,False,3169.9667820524,26.3718509674072,26.70605713952,31.5,8.10552247501898,8.0614763879686,1
Tajikistan,2018,3.294309,Interpolation,Central Asia,Central Asia,3479.69235966041,26.2338752746582,28.1177144978702,30.7,False,False,False,False,3312.71202243506,26.2731513977051,29.6849721562403,31.0,8.154699166464365,8.10552247501898,1
Tajikistan,2019,3.281065,Interpolation,Central Asia,Central Asia,3649.88375518646,26.1300735473633,27.9717718939678,30.4,False,False,False,False,3479.69235966041,26.2338752746582,28.1177144978702,30.7,8.202450598175261,8.154699166464365,1
Tajikistan,2020,3.211409,Projection,Central Asia,Central Asia,3724.7489591466,26.1925442328719,26.8848943162433,30.1,False,False,False,False,3649.88375518646,26.1300735473633,27.9717718939678,30.4,8.222754735024923,8.202450598175261,1
Tajikistan,2021,3.16958,Projection,Central Asia,Central Asia,3985.91247611219,26.1991525151375,32.6893794785095,29.8,False,False,False,False,3724.7489591466,26.1925442328719,26.8848943162433,30.1,8.290521542707326,8.222754735024923,1
Tajikistan,2022,3.126816,Projection,Central Asia,Central Asia,4213.75618362687,26.1957126615618,49.8953124537059,29.4,False,False,False,False,3985.91247611219,26.1991525151375,32.6893794785095,29.8,8.34610973403503,8.290521542707326,1
Tajikistan,2023,3.072325,Projection,Central Asia,Central Asia,4472.3241378777,26.1890127571429,37.8445781946342,28.8,False,False,False,False,4213.75618362687,26.1957126615618,49.8953124537059,29.4,8.405663493844605,8.34610973403503,1
Ukraine,2000,1.108471,Interpolation,Eastern European,Rest of post-Soviet,10364.0625,67.403857296906,1.29420513887627,18.2,False,False,False,False,,,,,9.246099572153975,,0
Ukraine,2001,1.09163,Interpolation,Eastern European,Rest of post-Soviet,11379.3857421875,67.2749805493459,2.1089006274417,17.4,False,False,False,False,10364.0625,67.403857296906,1.29420513887627,18.2,9.339558729262837,9.246099572153975,0
Ukraine,2002,1.126666,Interpolation,Eastern European,Rest of post-Soviet,12092.7890625,67.2672733350904,2.71179261802868,16.6,False,False,False,False,11379.3857421875,67.2749805493459,2.1089006274417,17.4,9.400364608690948,9.339558729262837,0
Ukraine,2003,1.173023,Interpolation,Eastern European,Rest of post-Soviet,13342.8798828125,67.419679868405,2.92826299291522,15.8,False,False,False,False,12092.7890625,67.2672733350904,2.71179261802868,16.6,9.498738179439478,9.400364608690948,0
Ukraine,2004,1.214726,Interpolation,Eastern European,Rest of post-Soviet,15021.06640625,67.5970968423685,2.78636671290806,15.1,False,False,False,False,13342.8798828125,67.419679868405,2.92826299291522,15.8,9.617208921882364,9.498738179439478,0
Ukraine,2005,1.220777,Interpolation,Eastern European,Rest of post-Soviet,15610.5732421875,67.8136046317755,2.69837586661565,14.5,False,False,False,False,15021.06640625,67.5970968423685,2.78636671290806,15.1,9.655703735589057,9.617208921882364,0
Ukraine,2006,1.296785,Interpolation,Eastern European,Rest of post-Soviet,16901.5078125,68.0293347798948,2.77249574349844,14.0,False,False,False,False,15610.5732421875,67.8136046317755,2.69837586661565,14.5,9.735158116605882,9.655703735589057,0
Ukraine,2007,1.342733,Interpolation,Eastern European,Rest of post-Soviet,18374.013671875,68.2102322372037,3.55668840350097,13.4,False,False,False,False,16901.5078125,68.0293347798948,2.77249574349844,14.0,9.818692644919249,9.735158116605882,0
Ukraine,2008,1.444171,Interpolation,Eastern European,Rest of post-Soviet,18883.986328125,68.3752085755346,3.60532981523366,12.9,False,False,False,False,18374.013671875,68.2102322372037,3.55668840350097,13.4,9.846069557673381,9.818692644919249,0
Ukraine,2009,1.469502,Interpolation,Eastern European,Rest of post-Soviet,16092.7958984375,68.5251442249547,4.88761394320421,12.3,False,False,False,False,18883.986328125,68.3752085755346,3.60532981523366,12.9,9.6861269911082,9.846069557673381,0
Ukraine,2010,1.436126,Interpolation,Eastern European,Rest of post-Soviet,16811.794921875,68.637397133357,4.62788640442269,11.7,False,False,False,False,16092.7958984375,68.5251442249547,4.88761394320421,12.3,9.729835997732442,9.6861269911082,0
Ukraine,2011,1.464018,Interpolation,Eastern European,Rest of post-Soviet,17783.95703125,68.7234299826222,4.61927764801976,11.2,False,False,False,False,16811.794921875,68.637397133357,4.62788640442269,11.7,9.786052039494578,9.729835997732442,0
Ukraine,2012,1.528347,Interpolation,Eastern European,Rest of post-Soviet,17848.740234375,68.8241983107739,4.62726263528925,10.7,False,False,False,False,17783.95703125,68.7234299826222,4.61927764801976,11.2,9.789688209612203,9.786052039494578,0
Ukraine,2013,1.515169,Interpolation,Eastern European,Rest of post-Soviet,17889.091796875,68.9326288082226,5.07457234295051,10.2,False,False,False,False,17848.740234375,68.8241983107739,4.62726263528925,10.7,9.791946409248506,9.789688209612203,0
Ukraine,2014,1.466096,Interpolation,Eastern European,Rest of post-Soviet,16978.8125,69.0554339301313,5.50845447210468,9.8,False,False,False,False,17889.091796875,68.9326288082226,5.07457234295051,10.2,9.739721522201853,9.791946409248506,0
Ukraine,2015,1.386783,Interpolation,Eastern European,Rest of post-Soviet,15403.7099609375,69.1587317201337,9.30892003656947,9.5,False,False,False,False,16978.8125,69.0554339301313,5.50845447210468,9.8,9.64236366594278,9.739721522201853,0
Ukraine,2016,1.391451,Interpolation,Eastern European,Rest of post-Soviet,15856.8125,69.2102241609089,10.1461215673731,9.1,False,False,False,False,15403.7099609375,69.1587317201337,9.30892003656947,9.5,9.671354497688808,9.64236366594278,0
Ukraine,2017,1.299933,Interpolation,Eastern European,Rest of post-Soviet,16310.3603515625,69.2633108489282,10.8233966749932,8.9,False,False,False,False,15856.8125,69.2102241609089,10.1461215673731,9.1,9.699555789274273,9.671354497688808,0
Ukraine,2018,1.233007,Interpolation,Eastern European,Rest of post-Soviet,16978.984375,69.3157992777909,11.2261271501125,8.7,False,False,False,False,16310.3603515625,69.2633108489282,10.8233966749932,8.9,9.739731645061157,9.699555789274273,0
Ukraine,2019,1.217631,Interpolation,Eastern European,Rest of post-Soviet,17636.5546875,69.3527648708735,10.2597396240268,8.5,False,False,False,False,16978.984375,69.3157992777909,11.2261271501125,8.7,9.777728997984813,9.739731645061157,0
Ukraine,2020,1.208113,Interpolation,Eastern European,Rest of post-Soviet,17092.5390625,69.3839100516745,9.71346014003703,8.4,False,False,False,False,17636.5546875,69.3527648708735,10.2597396240268,8.5,9.746397335144414,9.777728997984813,0
Ukraine,2021,1.147523,Projection,Eastern European,Rest of post-Soviet,17846.408203125,69.4027032653896,9.04058383088579,8.2,False,False,False,False,17092.5390625,69.3839100516745,9.71346014003703,8.4,9.789557545846655,9.746397335144414,0
Ukraine,2022,0.897,Projection,Eastern European,Rest of post-Soviet,13787.12109375,69.42345912103,10.360546734925,8.5,False,False,False,False,17846.408203125,69.4027032653896,9.04058383088579,8.2,9.53149018131649,9.789557545846655,0
Ukraine,2023,0.977,Projection,Eastern European,Rest of post-Soviet,15916.9580078125,69.4754455027606,8.25895300735777,8.0,False,False,False,False,13787.12109375,69.42345912103,10.360546734925,8.5,9.675140361229007,9.53149018131649,0
Uzbekistan,2000,2.696102,Interpolation,Central Asia,Central Asia,3410.65044991898,47.6731005044,,60.7,False,False,True,False,,,,,8.134658299864345,,1
Uzbekistan,2001,2.609737,Interpolation,Central Asia,Central Asia,3509.72863761694,48.4901886313987,,58.0,False,False,True,False,3410.65044991898,47.6731005044,,60.7,8.163294002251,8.134658299864345,1
Uzbekistan,2002,2.574738,Interpolation,Central Asia,Central Asia,3604.69346202514,49.2574592650723,,55.0,False,False,True,False,3509.72863761694,48.4901886313987,,58.0,8.1899920147653,8.163294002251,1
Uzbekistan,2003,2.503429,Interpolation,Central Asia,Central Asia,3711.77853054423,49.9566881481443,,51.9,False,False,True,False,3604.69346202514,49.2574592650723,,55.0,8.21926642901848,8.1899920147653,1
Uzbekistan,2004,2.496159,Interpolation,Central Asia,Central Asia,3939.53039814876,50.5696510233382,,48.6,False,False,True,False,3711.77853054423,49.9566881481443,,51.9,8.278816806901375,8.21926642901848,1
Uzbekistan,2005,2.4381,Interpolation,Central Asia,Central Asia,4160.95512970703,51.0781236333777,7.17193652621924,45.2,False,False,False,False,3939.53039814876,50.5696510233382,,48.6,8.333499925388876,8.278816806901375,1
Uzbekistan,2006,2.461132,Interpolation,Central Asia,Central Asia,4413.72281227266,51.4638817209862,8.180185407437,41.9,False,False,False,False,4160.95512970703,51.0781236333777,7.17193652621924,45.2,8.392473787443995,8.333499925388876,1
Uzbekistan,2007,2.573356,Interpolation,Central Asia,Central Asia,4764.56391427529,51.7087010288873,7.64888686011818,38.6,False,False,False,False,4413.72281227266,51.4638817209862,8.180185407437,41.9,8.468961293385073,8.392473787443995,1
Uzbekistan,2008,2.634888,Interpolation,Central Asia,Central Asia,5115.64391465594,51.7943572998047,12.2843587985737,35.5,False,False,False,False,4764.56391427529,51.7087010288873,7.64888686011818,38.6,8.540058557980826,8.468961293385073,1
Uzbekistan,2009,2.559144,Interpolation,Central Asia,Central Asia,5439.55068123847,51.6105041503906,6.46524882083396,32.6,False,False,False,False,5115.64391465594,51.7943572998047,12.2843587985737,35.5,8.601451741078229,8.540058557980826,1
Uzbekistan,2010,2.44213,Interpolation,Central Asia,Central Asia,5760.80511957791,51.3321647644043,6.90310933925255,29.8,False,False,False,False,5439.55068123847,51.6105041503906,6.46524882083396,32.6,8.658832521626442,8.601451741078229,1
Uzbekistan,2011,2.353628,Interpolation,Central Asia,Central Asia,6100.25100998284,51.3395500183105,8.15471745166511,27.3,False,False,False,False,5760.80511957791,51.3321647644043,6.90310933925255,29.8,8.716085198492314,8.658832521626442,1
Uzbekistan,2012,2.336733,Interpolation,Central Asia,Central Asia,6435.56467226429,51.3359680175781,9.01689935997158,25.0,False,False,False,False,6100.25100998284,51.3395500183105,8.15471745166511,27.3,8.769594866338029,8.716085198492314,1
Uzbekistan,2013,2.445493,Interpolation,Central Asia,Central Asia,6797.77494784494,51.1276969909668,8.80231146942062,23.0,False,False,False,False,6435.56467226429,51.3359680175781,9.01689935997158,25.0,8.824350624065948,8.769594866338029,1
Uzbekistan,2014,2.546374,Interpolation,Central Asia,Central Asia,7145.10980664151,50.8868713378906,8.42882528339748,21.3,False,False,False,False,6797.77494784494,51.1276969909668,8.80231146942062,23.0,8.874183458565192,8.824350624065948,1
Uzbekistan,2015,2.582871,Interpolation,Central Asia,Central Asia,7529.76364274179,50.6597328186035,5.61878143544813,19.7,False,False,False,False,7145.10980664151,50.8868713378906,8.42882528339748,21.3,8.926618931555192,8.874183458565192,1
Uzbekistan,2016,2.564492,Interpolation,Central Asia,Central Asia,7839.97820100236,50.6572189331055,6.72762541776342,18.4,False,False,False,False,7529.76364274179,50.6597328186035,5.61878143544813,19.7,8.966991332856194,8.926618931555192,1
Uzbekistan,2017,2.570115,Interpolation,Central Asia,Central Asia,8047.05375469466,50.6787376403809,10.2293000322696,17.3,False,False,False,False,7839.97820100236,50.6572189331055,6.72762541776342,18.4,8.993061310215117,8.966991332856194,1
Uzbekistan,2018,2.712941,Interpolation,Central Asia,Central Asia,8348.96057873127,50.5814971923828,12.9644724922439,16.4,False,False,False,False,8047.05375469466,50.6787376403809,10.2293000322696,17.3,9.029892328507355,8.993061310215117,1
Uzbekistan,2019,2.869214,Interpolation,Central Asia,Central Asia,8755.12593984949,50.5920104980469,12.69979421355,15.7,False,False,False,False,8348.96057873127,50.5814971923828,12.9644724922439,16.4,9.0773946295222,9.029892328507355,1
Uzbekistan,2020,3.062255,Interpolation,Central Asia,Central Asia,8727.41104939223,50.7670402526855,10.6613149757896,15.1,False,False,False,False,8755.12593984949,50.5920104980469,12.69979421355,15.7,9.074224046935528,9.0773946295222,1
Uzbekistan,2021,3.272864,Interpolation,Central Asia,Central Asia,9247.64382703929,50.9269905090332,11.9948771448385,14.6,False,False,False,False,8727.41104939223,50.7670402526855,10.6613149757896,15.1,9.132124076658307,9.074224046935528,1
Uzbekistan,2022,3.396064,Interpolation,Central Asia,Central Asia,9607.56167273449,50.9847412109375,17.2173418207715,14.1,False,False,False,False,9247.64382703929,50.9269905090332,11.9948771448385,14.6,9.17030574164655,9.132124076658307,1
Uzbekistan,2023,3.5,Projection,Central Asia,Central Asia,10007.685502618,50.9964841114568,13.8041936750861,13.7,False,False,False,False,9607.56167273449,50.9847412109375,17.2173418207715,14.1,9.211108627054463,9.17030574164655,1
