country,smam_female,smam_year,smam_source,muslim_share,muslim_share_year,muslim_share_source,female_mean_schooling,schooling_year,schooling_source,smam_marital_basis,smam_computation_type,smam_hajnal_method,smam_missing_age_treatment,smam_comparability_note
Armenia,24.1,2015,UN WMD 2019,0.266757637,2020,"Pew Research Center, Religious Composition by Country 2010-2020 (2020, percentages)",11.88,2020,Wittgenstein Centre v3 SSP2,Legal marital status,Published (UN Statistics Division),"UN Statistics Division indirect Hajnal estimate derived from national census/survey marital-status tabulations (UN World Marriage Data 2019 methodology); not re-derived by the author",N/A -- published UN estimate; no author-side age-group adjustment,"Comparable across the 9 UN WMD-sourced countries (legal marital status, published UN estimate); NOT directly comparable to the 4 MICS6-based or the 1 census-based author-computed values (different marital-status basis and/or computation method)"
Azerbaijan,24.2,2018,UN WMD 2019,94.72725677,2020,"Pew Research Center, Religious Composition by Country 2010-2020 (2020, percentages)",11.29,2020,Wittgenstein Centre v3 SSP2,Legal marital status,Published (UN Statistics Division),"UN Statistics Division indirect Hajnal estimate derived from national census/survey marital-status tabulations (UN World Marriage Data 2019 methodology); not re-derived by the author",N/A -- published UN estimate; no author-side age-group adjustment,"Comparable across the 9 UN WMD-sourced countries (legal marital status, published UN estimate); NOT directly comparable to the 4 MICS6-based or the 1 census-based author-computed values (different marital-status basis and/or computation method)"
Belarus,23.08,2019,Author-computed MICS6 Hajnal,0.262307256,2020,"Pew Research Center, Religious Composition by Country 2010-2020 (2020, percentages)",12.24,2020,Wittgenstein Centre v3 SSP2,"Married/in-union (MICS6 MSTATUS category), not legal marital status",Author-computed (MICS6 women's survey microdata),"Author-applied standard Hajnal (1953) indirect estimate SMAM=(A-D)/C from weighted proportions never-married/in-union in 5-year age groups 15-19 to 45-49 (MSTATUS=3, never married/in-union), MICS6 women's questionnaire",None required -- MICS6 women's survey has full coverage of all 5-year age groups 15-49,"NOT directly comparable to the 9 UN WMD-sourced values: married/in-union (not legal marital-status) basis, typically lower than a legal-marriage SMAM where informal/religious unions are common; for Belarus (Eastern European bloc, not Central Asia) this gap is expected to be smaller than for the Central Asian MICS6 countries"
Estonia,33.6,2018,UN WMD 2019,0.598115027,2020,"Pew Research Center, Religious Composition by Country 2010-2020 (2020, percentages)",12.59,2020,Wittgenstein Centre v3 SSP2,Legal marital status,Published (UN Statistics Division),"UN Statistics Division indirect Hajnal estimate derived from national census/survey marital-status tabulations (UN World Marriage Data 2019 methodology); not re-derived by the author",N/A -- published UN estimate; no author-side age-group adjustment,"Comparable across the 9 UN WMD-sourced countries (legal marital status, published UN estimate); NOT directly comparable to the 4 MICS6-based or the 1 census-based author-computed values (different marital-status basis and/or computation method)"
Georgia,22.16,2018,Author-computed MICS6 Hajnal,10.46078014,2020,"Pew Research Center, Religious Composition by Country 2010-2020 (2020, percentages)",12.07,2020,Wittgenstein Centre v3 SSP2,"Married/in-union (MICS6 MSTATUS category), not legal marital status",Author-computed (MICS6 women's survey microdata),"Author-applied standard Hajnal (1953) indirect estimate SMAM=(A-D)/C from weighted proportions never-married/in-union in 5-year age groups 15-19 to 45-49 (MSTATUS=3, never married/in-union), MICS6 women's questionnaire",None required -- MICS6 women's survey has full coverage of all 5-year age groups 15-49,"NOT directly comparable to the 9 UN WMD-sourced values: married/in-union (not legal marital-status) basis, typically lower than a legal-marriage SMAM where informal/religious unions are common; for Georgia (Caucasus bloc, not Central Asia) this gap is expected to be smaller than for the Central Asian MICS6 countries"
Kazakhstan,22.4,2015,UN WMD 2019,77.90452576,2020,"Pew Research Center, Religious Composition by Country 2010-2020 (2020, percentages)",11.83,2020,Wittgenstein Centre v3 SSP2,Legal marital status,Published (UN Statistics Division),"UN Statistics Division indirect Hajnal estimate derived from national census/survey marital-status tabulations (UN World Marriage Data 2019 methodology); not re-derived by the author",N/A -- published UN estimate; no author-side age-group adjustment,"Comparable across the 9 UN WMD-sourced countries (legal marital status, published UN estimate); NOT directly comparable to the 4 MICS6-based or the 1 census-based author-computed values (different marital-status basis and/or computation method)"
Kyrgyzstan,21.4,2018,Author-computed MICS6 Hajnal,91.71746826,2020,"Pew Research Center, Religious Composition by Country 2010-2020 (2020, percentages)",10.82,2020,Wittgenstein Centre v3 SSP2,"Married/in-union (MICS6 MSTATUS category), not legal marital status",Author-computed (MICS6 women's survey microdata),"Author-applied standard Hajnal (1953) indirect estimate SMAM=(A-D)/C from weighted proportions never-married/in-union in 5-year age groups 15-19 to 45-49 (MSTATUS=3, never married/in-union), MICS6 women's questionnaire",None required -- MICS6 women's survey has full coverage of all 5-year age groups 15-49,"NOT directly comparable to the 9 UN WMD-sourced values: married/in-union (not legal marital-status) basis, typically lower than a legal-marriage SMAM where informal/religious unions are common; Kyrgyzstan is part of the Central Asia bloc, where informal/religious marriage is more prevalent, so this definitional gap is most consequential here"
Latvia,30.4,2018,UN WMD 2019,0.670408607,2020,"Pew Research Center, Religious Composition by Country 2010-2020 (2020, percentages)",12.46,2020,Wittgenstein Centre v3 SSP2,Legal marital status,Published (UN Statistics Division),"UN Statistics Division indirect Hajnal estimate derived from national census/survey marital-status tabulations (UN World Marriage Data 2019 methodology); not re-derived by the author",N/A -- published UN estimate; no author-side age-group adjustment,"Comparable across the 9 UN WMD-sourced countries (legal marital status, published UN estimate); NOT directly comparable to the 4 MICS6-based or the 1 census-based author-computed values (different marital-status basis and/or computation method)"
Lithuania,32.7,2018,UN WMD 2019,0.089217022,2020,"Pew Research Center, Religious Composition by Country 2010-2020 (2020, percentages)",12.42,2020,Wittgenstein Centre v3 SSP2,Legal marital status,Published (UN Statistics Division),"UN Statistics Division indirect Hajnal estimate derived from national census/survey marital-status tabulations (UN World Marriage Data 2019 methodology); not re-derived by the author",N/A -- published UN estimate; no author-side age-group adjustment,"Comparable across the 9 UN WMD-sourced countries (legal marital status, published UN estimate); NOT directly comparable to the 4 MICS6-based or the 1 census-based author-computed values (different marital-status basis and/or computation method)"
Moldova,25.0,2014,UN WMD 2019,0.181239218,2020,"Pew Research Center, Religious Composition by Country 2010-2020 (2020, percentages)",10.51,2020,Wittgenstein Centre v3 SSP2,Legal marital status,Published (UN Statistics Division),"UN Statistics Division indirect Hajnal estimate derived from national census/survey marital-status tabulations (UN World Marriage Data 2019 methodology); not re-derived by the author",N/A -- published UN estimate; no author-side age-group adjustment,"Comparable across the 9 UN WMD-sourced countries (legal marital status, published UN estimate); NOT directly comparable to the 4 MICS6-based or the 1 census-based author-computed values (different marital-status basis and/or computation method)"
Russia,24.86,2021,Author-computed Census VPN-2020 Hajnal,8.193008423,2020,"Pew Research Center, Religious Composition by Country 2010-2020 (2020, percentages)",11.73,2020,Wittgenstein Centre v3 SSP2,Legal marital status (census marital-status question),Author-computed (2021 census tabulation),"Author-applied standard Hajnal (1953) indirect estimate SMAM=(A-D)/C from 2021 Russian census (VPN-2020) Table 5 counts of women never married as a proportion of those with stated marital status, age groups 15-19 (approximated) to 45-49","15-19 age group approximated by combining the census's 16-17 and 18-19 rows (census covers ages 16+ only); see compute_rus_smam.py for the derived arithmetic bound on the resulting SMAM sensitivity","Comparable in marital-status basis to the 9 UN WMD countries (legal marital status), but sourced from a different instrument (2021 census tabulation vs UN WMD's compiled table) and computed by the author rather than published directly by the UN; the 15-19 approximation adds a small, bounded additional uncertainty (see compute_rus_smam.py)"
Tajikistan,20.7,2017,UN WMD 2019,98.91412354,2020,"Pew Research Center, Religious Composition by Country 2010-2020 (2020, percentages)",10.52,2020,Wittgenstein Centre v3 SSP2,Legal marital status,Published (UN Statistics Division),"UN Statistics Division indirect Hajnal estimate derived from national census/survey marital-status tabulations (UN World Marriage Data 2019 methodology); not re-derived by the author",N/A -- published UN estimate; no author-side age-group adjustment,"Comparable across the 9 UN WMD-sourced countries (legal marital status, published UN estimate); NOT directly comparable to the 4 MICS6-based or the 1 census-based author-computed values (different marital-status basis and/or computation method)"
Ukraine,23.0,2012,UN WMD 2019,0.567826331,2020,"Pew Research Center, Religious Composition by Country 2010-2020 (2020, percentages)",11.32,2020,Wittgenstein Centre v3 SSP2,Legal marital status,Published (UN Statistics Division),"UN Statistics Division indirect Hajnal estimate derived from national census/survey marital-status tabulations (UN World Marriage Data 2019 methodology); not re-derived by the author",N/A -- published UN estimate; no author-side age-group adjustment,"Comparable across the 9 UN WMD-sourced countries (legal marital status, published UN estimate); NOT directly comparable to the 4 MICS6-based or the 1 census-based author-computed values (different marital-status basis and/or computation method)"
Uzbekistan,21.69,2022,Author-computed MICS6 Hajnal,95.62223053,2020,"Pew Research Center, Religious Composition by Country 2010-2020 (2020, percentages)",11.46,2020,Wittgenstein Centre v3 SSP2,"Married/in-union (MICS6 MSTATUS category), not legal marital status",Author-computed (MICS6 women's survey microdata),"Author-applied standard Hajnal (1953) indirect estimate SMAM=(A-D)/C from weighted proportions never-married/in-union in 5-year age groups 15-19 to 45-49 (MSTATUS=3, never married/in-union), MICS6 women's questionnaire",None required -- MICS6 women's survey has full coverage of all 5-year age groups 15-49,"NOT directly comparable to the 9 UN WMD-sourced values: married/in-union (not legal marital-status) basis, typically lower than a legal-marriage SMAM where informal/religious unions are common; Uzbekistan is part of the Central Asia bloc, where informal/religious marriage is more prevalent, so this definitional gap is most consequential here"
