country,year,gdp_per_capita_ppp
Armenia,2000,4589.00825039977
Armenia,2001,5044.11647826468
Armenia,2002,5731.35346609213
Armenia,2003,6569.26023440631
Armenia,2004,7299.40001858866
Armenia,2005,8362.90084037119
Armenia,2006,9525.23146779778
Armenia,2007,10898.8483795634
Armenia,2008,11727.4821272949
Armenia,2009,10143.2350796867
Armenia,2010,10438.5641904169
Armenia,2011,10990.177099035
Armenia,2012,11796.2741177994
Armenia,2013,12194.0189523843
Armenia,2014,12667.3757330249
Armenia,2015,13112.7600902915
Armenia,2016,13192.9940731731
Armenia,2017,14243.8749003795
Armenia,2018,15037.0452420712
Armenia,2019,16215.3607965094
Armenia,2020,15052.9359791136
Armenia,2021,15921.705281964
Armenia,2022,17886.1783877168
Armenia,2023,19402.7510915578
Azerbaijan,2000,5656.92989378687
Azerbaijan,2001,6168.98512059749
Azerbaijan,2002,6701.08174444207
Azerbaijan,2003,7329.40601818943
Azerbaijan,2004,7937.8594791002
Azerbaijan,2005,10054.1003389401
Azerbaijan,2006,13371.6585214534
Azerbaijan,2007,16587.3657240228
Azerbaijan,2008,17963.0208126838
Azerbaijan,2009,19242.3900077231
Azerbaijan,2010,19925.3900662137
Azerbaijan,2011,19358.0778100345
Azerbaijan,2012,19523.3737161356
Azerbaijan,2013,20398.6462250349
Azerbaijan,2014,20709.201611232
Azerbaijan,2015,20678.7539572375
Azerbaijan,2016,19822.4105943941
Azerbaijan,2017,19659.0048562768
Azerbaijan,2018,19781.8509058437
Azerbaijan,2019,20101.491875147
Azerbaijan,2020,19126.096851126
Azerbaijan,2021,20111.3756952109
Azerbaijan,2022,21051.2442291612
Azerbaijan,2023,21310.7386915022
Belarus,2000,11182.4548339393
Belarus,2001,11771.0872003861
Belarus,2002,12443.9322575939
Belarus,2003,13413.9265504854
Belarus,2004,15052.1182160947
Belarus,2005,16579.8731683834
Belarus,2006,18349.8719060634
Belarus,2007,20019.6111676728
Belarus,2008,22137.9472928315
Belarus,2009,22236.8387691136
Belarus,2010,24012.6133040213
Belarus,2011,25404.7566082412
Belarus,2012,25879.1319400701
Belarus,2013,26147.6253584645
Belarus,2014,26564.4347246547
Belarus,2015,25513.2132958317
Belarus,2016,24846.8301529359
Belarus,2017,25503.9809845207
Belarus,2018,26363.4629778536
Belarus,2019,26798.8206398076
Belarus,2020,26731.4953869922
Belarus,2021,27611.1801135157
Belarus,2022,26537.5083081674
Belarus,2023,27782.4380139967
Estonia,2000,20528.5708195573
Estonia,2001,21874.6948334875
Estonia,2002,23539.9060675759
Estonia,2003,25487.5329152987
Estonia,2004,27384.0831488798
Estonia,2005,30164.0063711861
Estonia,2006,33304.5935377333
Estonia,2007,35989.864986622
Estonia,2008,34236.950125417
Estonia,2009,29284.4047394108
Estonia,2010,30070.2990791103
Estonia,2011,32456.1208864878
Estonia,2012,33768.572369804
Estonia,2013,34484.2236457273
Estonia,2014,35723.6266134228
Estonia,2015,36356.4410152614
Estonia,2016,37470.0427676805
Estonia,2017,39533.4645582199
Estonia,2018,40853.6487755073
Estonia,2019,42218.962853871
Estonia,2020,40920.5270623015
Estonia,2021,44251.5374983455
Estonia,2022,43128.6327713627
Estonia,2023,41288.6165892158
Georgia,2000,5706.27236527837
Georgia,2001,6074.08643017282
Georgia,2002,6464.32539672648
Georgia,2003,7227.73705960701
Georgia,2004,7693.91525392067
Georgia,2005,8485.58670534953
Georgia,2006,9337.98906420101
Georgia,2007,10567.2747164758
Georgia,2008,10856.1031328003
Georgia,2009,10553.0896395853
Georgia,2010,11294.3685917112
Georgia,2011,12288.6828861156
Georgia,2012,13193.9596974054
Georgia,2013,13913.0018245661
Georgia,2014,14475.3135356035
Georgia,2015,14936.8434116647
Georgia,2016,15442.9564358054
Georgia,2017,16237.6242230275
Georgia,2018,17228.6790847503
Georgia,2019,18186.8816465807
Georgia,2020,17031.1440283426
Georgia,2021,18915.6534005263
Georgia,2022,20966.5280391134
Georgia,2023,22590.5293649146
Kazakhstan,2000,12935.864368308
Kazakhstan,2001,14612.0290050498
Kazakhstan,2002,15960.8738450013
Kazakhstan,2003,17344.752672995
Kazakhstan,2004,18886.5811908122
Kazakhstan,2005,20565.5294470866
Kazakhstan,2006,22574.3429577665
Kazakhstan,2007,24351.3464102542
Kazakhstan,2008,24895.6645683245
Kazakhstan,2009,24901.3527260084
Kazakhstan,2010,26374.8407672795
Kazakhstan,2011,27946.1603432944
Kazakhstan,2012,28881.2417563728
Kazakhstan,2013,30177.4887221736
Kazakhstan,2014,30986.4379168995
Kazakhstan,2015,30893.7594851041
Kazakhstan,2016,30758.3227260598
Kazakhstan,2017,31524.4416339794
Kazakhstan,2018,32330.2274546567
Kazakhstan,2019,33298.2123695035
Kazakhstan,2020,32011.5491499004
Kazakhstan,2021,32945.8515725823
Kazakhstan,2022,33506.2614893237
Kazakhstan,2023,34703.2349286604
Kyrgyzstan,2000,3638.46314292227
Kyrgyzstan,2001,3795.89059344129
Kyrgyzstan,2002,3760.53239965257
Kyrgyzstan,2003,3982.92722017802
Kyrgyzstan,2004,4211.52248307857
Kyrgyzstan,2005,4156.95849230116
Kyrgyzstan,2006,4240.17017797554
Kyrgyzstan,2007,4558.71267894172
Kyrgyzstan,2008,4894.9427801376
Kyrgyzstan,2009,4969.96132720374
Kyrgyzstan,2010,4876.47964886483
Kyrgyzstan,2011,5092.85165751678
Kyrgyzstan,2012,4993.39431683528
Kyrgyzstan,2013,5418.54061993935
Kyrgyzstan,2014,5513.7544695252
Kyrgyzstan,2015,5600.2143342846
Kyrgyzstan,2016,5715.01041179003
Kyrgyzstan,2017,5861.22200040503
Kyrgyzstan,2018,5951.82876758606
Kyrgyzstan,2019,6087.60193826927
Kyrgyzstan,2020,5537.79547319377
Kyrgyzstan,2021,5736.47883415154
Kyrgyzstan,2022,6139.77788825006
Kyrgyzstan,2023,6575.77541290499
Latvia,2000,14554.2131724037
Latvia,2001,15695.906718153
Latvia,2002,17096.5594440255
Latvia,2003,18717.6675525538
Latvia,2004,20574.118201251
Latvia,2005,23213.3539355881
Latvia,2006,26431.8140222767
Latvia,2007,29423.7371235063
Latvia,2008,28726.9722869522
Latvia,2009,24520.6791475489
Latvia,2010,24119.7307848939
Latvia,2011,25308.7322074626
Latvia,2012,27496.5454583635
Latvia,2013,28375.1842887263
Latvia,2014,29243.7412502629
Latvia,2015,30599.6133134147
Latvia,2016,31668.5148442662
Latvia,2017,33036.3915943437
Latvia,2018,34729.7062763057
Latvia,2019,35208.1934590859
Latvia,2020,34225.8976044058
Latvia,2021,36912.0130602161
Latvia,2022,37718.7097958367
Latvia,2023,37277.7217221317
Lithuania,2000,15771.4269595328
Lithuania,2001,16933.0225490496
Lithuania,2002,18216.5452581272
Lithuania,2003,20302.9848798403
Lithuania,2004,21867.2861464791
Lithuania,2005,23944.7019948719
Lithuania,2006,26129.3392566938
Lithuania,2007,29370.7739737176
Lithuania,2008,30445.7809464936
Lithuania,2009,26217.5449293891
Lithuania,2010,26887.4913057701
Lithuania,2011,29240.7487851392
Lithuania,2012,30920.330402208
Lithuania,2013,32474.6413533554
Lithuania,2014,33975.0843756963
Lithuania,2015,35251.2986931775
Lithuania,2016,36618.1468417838
Lithuania,2017,38774.4892011822
Lithuania,2018,41019.7901632878
Lithuania,2019,43062.3228425315
Lithuania,2020,43091.7973723526
Lithuania,2021,45873.5273239486
Lithuania,2022,46651.2145810247
Lithuania,2023,46159.7081733083
Moldova,2000,5727.07922525352
Moldova,2001,6090.03474356112
Moldova,2002,6580.27841436838
Moldova,2003,7034.35784911687
Moldova,2004,7573.6178454751
Moldova,2005,8161.47344724765
Moldova,2006,8577.02858037286
Moldova,2007,8854.83397616724
Moldova,2008,9563.69814290939
Moldova,2009,9001.23432081622
Moldova,2010,9649.9509930271
Moldova,2011,10217.3087761255
Moldova,2012,10158.3854676883
Moldova,2013,11080.0634585341
Moldova,2014,11641.1208436577
Moldova,2015,11691.0797484184
Moldova,2016,12377.366678394
Moldova,2017,13118.8219369605
Moldova,2018,13895.5043655692
Moldova,2019,14621.2401362286
Moldova,2020,13559.2600217483
Moldova,2021,15682.0703284653
Moldova,2022,15358.0153548867
Moldova,2023,15990.4793311152
Russia,2000,20104.75
Russia,2001,21219.904296875
Russia,2002,22319.677734375
Russia,2003,24057.927734375
Russia,2004,25894.146484375
Russia,2005,27656.658203125
Russia,2006,30022.671875
Russia,2007,32630.369140625
Russia,2008,34342.2265625
Russia,2009,31654.00390625
Russia,2010,33063.5859375
Russia,2011,34444.64453125
Russia,2012,35740.69921875
Russia,2013,36260.06640625
Russia,2014,35853.24609375
Russia,2015,35037.15234375
Russia,2016,35005.44921875
Russia,2017,35570.390625
Russia,2018,36536.6953125
Russia,2019,37319.3203125
Russia,2020,36376.3359375
Russia,2021,38638.4296875
Russia,2022,38214.49609375
Russia,2023,39887.33984375
Tajikistan,2000,1365.23327447129
Tajikistan,2001,1467.39882474638
Tajikistan,2002,1594.93890470219
Tajikistan,2003,1736.64039749855
Tajikistan,2004,1878.28696227255
Tajikistan,2005,1965.30020458256
Tajikistan,2006,2063.288508243
Tajikistan,2007,2181.89798056536
Tajikistan,2008,2308.09430040334
Tajikistan,2009,2349.50030269416
Tajikistan,2010,2449.27358745359
Tajikistan,2011,2572.48074895498
Tajikistan,2012,2700.09546037358
Tajikistan,2013,2828.38542075147
Tajikistan,2014,2943.08867917317
Tajikistan,2015,3041.44479553257
Tajikistan,2016,3169.9667820524
Tajikistan,2017,3312.71202243506
Tajikistan,2018,3479.69235966041
Tajikistan,2019,3649.88375518646
Tajikistan,2020,3724.7489591466
Tajikistan,2021,3985.91247611219
Tajikistan,2022,4213.75618362687
Tajikistan,2023,4472.3241378777
Ukraine,2000,10364.0625
Ukraine,2001,11379.3857421875
Ukraine,2002,12092.7890625
Ukraine,2003,13342.8798828125
Ukraine,2004,15021.06640625
Ukraine,2005,15610.5732421875
Ukraine,2006,16901.5078125
Ukraine,2007,18374.013671875
Ukraine,2008,18883.986328125
Ukraine,2009,16092.7958984375
Ukraine,2010,16811.794921875
Ukraine,2011,17783.95703125
Ukraine,2012,17848.740234375
Ukraine,2013,17889.091796875
Ukraine,2014,16978.8125
Ukraine,2015,15403.7099609375
Ukraine,2016,15856.8125
Ukraine,2017,16310.3603515625
Ukraine,2018,16978.984375
Ukraine,2019,17636.5546875
Ukraine,2020,17092.5390625
Ukraine,2021,17846.408203125
Ukraine,2022,13787.12109375
Ukraine,2023,15916.9580078125
Uzbekistan,2000,3410.65044991898
Uzbekistan,2001,3509.72863761694
Uzbekistan,2002,3604.69346202514
Uzbekistan,2003,3711.77853054423
Uzbekistan,2004,3939.53039814876
Uzbekistan,2005,4160.95512970703
Uzbekistan,2006,4413.72281227266
Uzbekistan,2007,4764.56391427529
Uzbekistan,2008,5115.64391465594
Uzbekistan,2009,5439.55068123847
Uzbekistan,2010,5760.80511957791
Uzbekistan,2011,6100.25100998284
Uzbekistan,2012,6435.56467226429
Uzbekistan,2013,6797.77494784494
Uzbekistan,2014,7145.10980664151
Uzbekistan,2015,7529.76364274179
Uzbekistan,2016,7839.97820100236
Uzbekistan,2017,8047.05375469466
Uzbekistan,2018,8348.96057873127
Uzbekistan,2019,8755.12593984949
Uzbekistan,2020,8727.41104939223
Uzbekistan,2021,9247.64382703929
Uzbekistan,2022,9607.56167273449
Uzbekistan,2023,10007.685502618
