country,year,urban_pop_pct
Armenia,2000,64.959237917436
Armenia,2001,64.8228123790872
Armenia,2002,64.7396211980252
Armenia,2003,64.6663537455064
Armenia,2004,64.5972633621116
Armenia,2005,64.5334210637509
Armenia,2006,64.4758978663344
Armenia,2007,64.4257647857723
Armenia,2008,64.3840928379746
Armenia,2009,64.3519530388516
Armenia,2010,64.3304164043132
Armenia,2011,64.3207449145194
Armenia,2012,64.3268379506998
Armenia,2013,64.3584061131466
Armenia,2014,64.4142934233291
Armenia,2015,64.4929623431549
Armenia,2016,64.5928753345316
Armenia,2017,64.7124948593667
Armenia,2018,64.8502833795679
Armenia,2019,65.0047033570428
Armenia,2020,65.174217253699
Armenia,2021,65.3572875314441
Armenia,2022,65.5624462874485
Armenia,2023,65.6956882008852
Azerbaijan,2000,51.1320838928223
Azerbaijan,2001,51.1584815979004
Azerbaijan,2002,51.2144165039062
Azerbaijan,2003,51.7257995605469
Azerbaijan,2004,52.2831993103027
Azerbaijan,2005,52.5028533935547
Azerbaijan,2006,52.6540145874023
Azerbaijan,2007,52.8281555175781
Azerbaijan,2008,53.063304901123
Azerbaijan,2009,53.1358125434574
Azerbaijan,2010,53.2848367714869
Azerbaijan,2011,53.5085461893249
Azerbaijan,2012,53.8076442276208
Azerbaijan,2013,54.1821087431318
Azerbaijan,2014,54.6319175926151
Azerbaijan,2015,55.1570486328276
Azerbaijan,2016,55.7574797205266
Azerbaijan,2017,56.4331887124691
Azerbaijan,2018,57.1841534654123
Azerbaijan,2019,58.1308191977779
Azerbaijan,2020,58.2934691761937
Azerbaijan,2021,58.3659969744818
Azerbaijan,2022,58.4382815854684
Azerbaijan,2023,58.5075350483702
Belarus,2000,69.9172295434732
Belarus,2001,70.3147201538086
Belarus,2002,70.8804702758789
Belarus,2003,71.3092422485352
Belarus,2004,71.7658538818359
Belarus,2005,72.0310134887695
Belarus,2006,72.6113815307617
Belarus,2007,73.0913467407227
Belarus,2008,73.5531692504883
Belarus,2009,74.1909646620571
Belarus,2010,74.5501403808594
Belarus,2011,75.0597534179688
Belarus,2012,75.5281066894531
Belarus,2013,75.94970703125
Belarus,2014,76.3405227661133
Belarus,2015,76.6263885498047
Belarus,2016,76.8458709716797
Belarus,2017,77.0208206176758
Belarus,2018,77.2132720947266
Belarus,2019,77.4550771852757
Belarus,2020,77.7890385790408
Belarus,2021,78.131086803694
Belarus,2022,78.4732787892908
Belarus,2023,78.8146420666327
Estonia,2000,67.385529072627
Estonia,2001,67.3926456349791
Estonia,2002,67.4090870965661
Estonia,2003,67.4341760348669
Estonia,2004,67.467351453949
Estonia,2005,67.5080523578799
Estonia,2006,67.5557177507269
Estonia,2007,67.6097866365576
Estonia,2008,67.6696980194394
Estonia,2009,67.7348909034398
Estonia,2010,67.8048042926262
Estonia,2011,67.8775556334506
Estonia,2012,67.9629593320316
Estonia,2013,68.0923458296768
Estonia,2014,68.2668382808032
Estonia,2015,68.4796609690553
Estonia,2016,68.724038178078
Estonia,2017,68.9931941915158
Estonia,2018,69.2803532930133
Estonia,2019,69.5787397662154
Estonia,2020,69.8815778947665
Estonia,2021,70.1777274135822
Estonia,2022,70.4892333736738
Estonia,2023,70.6770085523126
Georgia,2000,52.4935999592259
Georgia,2001,52.4098165040349
Georgia,2002,52.4127676027039
Georgia,2003,52.5144705663341
Georgia,2004,52.7173199317225
Georgia,2005,53.0036280624359
Georgia,2006,53.3593916521584
Georgia,2007,53.7706073945741
Georgia,2008,54.2232719833673
Georgia,2009,54.7033821122222
Georgia,2010,55.1969344748228
Georgia,2011,55.6899257648533
Georgia,2012,56.1683526759979
Georgia,2013,56.6182119019407
Georgia,2014,57.0237612994258
Georgia,2015,57.3803800455672
Georgia,2016,57.6984032005062
Georgia,2017,57.9996827205757
Georgia,2018,58.3038181862576
Georgia,2019,58.6304091780343
Georgia,2020,58.9990552763878
Georgia,2021,59.4293560618005
Georgia,2022,60.0101622679115
Georgia,2023,60.7523077799724
Kazakhstan,2000,56.0239607657944
Kazakhstan,2001,55.7813717131331
Kazakhstan,2002,55.5045911261585
Kazakhstan,2003,55.2115277236592
Kazakhstan,2004,54.9200902244233
Kazakhstan,2005,54.6481873472392
Kazakhstan,2006,54.4137278108953
Kazakhstan,2007,54.2346203341799
Kazakhstan,2008,54.1287736358813
Kazakhstan,2009,54.1167144748885
Kazakhstan,2010,54.2054127497102
Kazakhstan,2011,54.3996086425518
Kazakhstan,2012,54.69208192838
Kazakhstan,2013,55.0779764821252
Kazakhstan,2014,55.5524361787178
Kazakhstan,2015,56.1106048930882
Kazakhstan,2016,56.7476265001667
Kazakhstan,2017,57.4586448748837
Kazakhstan,2018,58.2388038921695
Kazakhstan,2019,59.0832474269546
Kazakhstan,2020,59.9871193541692
Kazakhstan,2021,61.030254280267
Kazakhstan,2022,61.444157327248
Kazakhstan,2023,61.7560919499181
Kyrgyzstan,2000,35.3216067847574
Kyrgyzstan,2001,35.3160273737858
Kyrgyzstan,2002,35.3118703235333
Kyrgyzstan,2003,35.3086519815317
Kyrgyzstan,2004,35.3058886953128
Kyrgyzstan,2005,35.3030968124082
Kyrgyzstan,2006,35.2997926803498
Kyrgyzstan,2007,35.2954926466692
Kyrgyzstan,2008,35.2897130588983
Kyrgyzstan,2009,35.2815523593591
Kyrgyzstan,2010,35.267768240398
Kyrgyzstan,2011,35.2466507961984
Kyrgyzstan,2012,35.218916221918
Kyrgyzstan,2013,35.1850529225105
Kyrgyzstan,2014,35.1455493029297
Kyrgyzstan,2015,35.1008937681291
Kyrgyzstan,2016,35.0515747230627
Kyrgyzstan,2017,34.9980805726839
Kyrgyzstan,2018,34.9408997219466
Kyrgyzstan,2019,34.8805205758044
Kyrgyzstan,2020,34.8174315392111
Kyrgyzstan,2021,34.7521210171204
Kyrgyzstan,2022,34.7003053497743
Kyrgyzstan,2023,34.706439175362
Latvia,2000,68.0520561441955
Latvia,2001,68.0163660524785
Latvia,2002,67.9813450702046
Latvia,2003,67.9493840506358
Latvia,2004,67.9206702831277
Latvia,2005,67.8953910570353
Latvia,2006,67.873733661714
Latvia,2007,67.8558853865191
Latvia,2008,67.8420335208058
Latvia,2009,67.8323653539295
Latvia,2010,67.8270681752453
Latvia,2011,67.8266897008267
Latvia,2012,67.8331638942219
Latvia,2013,67.847334482933
Latvia,2014,67.8686035364944
Latvia,2015,67.8965395668259
Latvia,2016,67.9307110858472
Latvia,2017,67.9706866054779
Latvia,2018,68.0160346376376
Latvia,2019,68.066323694246
Latvia,2020,68.1211222872228
Latvia,2021,68.1808791463693
Latvia,2022,68.2570218109034
Latvia,2023,68.3586316343061
Lithuania,2000,66.9768374826555
Lithuania,2001,66.9286097501613
Lithuania,2002,66.8887100219727
Lithuania,2003,66.7596664428711
Lithuania,2004,66.6022567749023
Lithuania,2005,66.5784912109375
Lithuania,2006,66.6381530761719
Lithuania,2007,66.7184982299805
Lithuania,2008,66.7527770996094
Lithuania,2009,66.7816619873047
Lithuania,2010,66.7712860107422
Lithuania,2011,66.7518340055756
Lithuania,2012,66.8536758422852
Lithuania,2013,67.0092086791992
Lithuania,2014,67.1514937628023
Lithuania,2015,67.2282485961914
Lithuania,2016,67.1894226074219
Lithuania,2017,67.1012954711914
Lithuania,2018,67.1464742010457
Lithuania,2019,67.245735168457
Lithuania,2020,67.4254608154297
Lithuania,2021,68.1912117004395
Lithuania,2022,68.2866452426813
Lithuania,2023,68.575454583199
Moldova,2000,40.4185981750488
Moldova,2001,39.6744270324707
Moldova,2002,39.620719909668
Moldova,2003,39.5945358276367
Moldova,2004,39.4460945129395
Moldova,2005,39.3704032897949
Moldova,2006,39.2182388305664
Moldova,2007,39.4315032958984
Moldova,2008,39.3710708618164
Moldova,2009,39.3255348205566
Moldova,2010,39.2804946899414
Moldova,2011,39.3469161987305
Moldova,2012,39.3614196777344
Moldova,2013,39.4275512695312
Moldova,2014,39.6298484802246
Moldova,2015,39.6954040527344
Moldova,2016,39.7373237609863
Moldova,2017,39.9736557006836
Moldova,2018,40.3258094787598
Moldova,2019,40.772289276123
Moldova,2020,41.3368530273438
Moldova,2021,41.8115425109863
Moldova,2022,42.4048843383789
Moldova,2023,43.0011825561523
Russia,2000,73.1568222045898
Russia,2001,73.22998046875
Russia,2002,73.2929008030615
Russia,2003,73.4057388305664
Russia,2004,73.3065795898438
Russia,2005,73.1613922119141
Russia,2006,73.2439193725586
Russia,2007,73.3856048583984
Russia,2008,73.4822463989258
Russia,2009,73.5288696289062
Russia,2010,73.6696307887624
Russia,2011,73.8534851074219
Russia,2012,73.97265625
Russia,2013,74.0762949770228
Russia,2014,74.1776476748791
Russia,2015,74.275919065527
Russia,2016,74.3703138709243
Russia,2017,74.460036813029
Russia,2018,74.5442926137992
Russia,2019,74.6222859951926
Russia,2020,74.6932216791674
Russia,2021,74.7516840220252
Russia,2022,74.8544893625017
Russia,2023,74.9805047873279
Tajikistan,2000,26.5355104669232
Tajikistan,2001,26.5345041786379
Tajikistan,2002,26.5336513960096
Tajikistan,2003,26.5331204386766
Tajikistan,2004,26.5327772632159
Tajikistan,2005,26.5324878262051
Tajikistan,2006,26.5321180842215
Tajikistan,2007,26.5315339938424
Tajikistan,2008,26.5306015116451
Tajikistan,2009,26.529186594207
Tajikistan,2010,26.5274312963978
Tajikistan,2011,26.4792213439941
Tajikistan,2012,26.4102249145508
Tajikistan,2013,26.4883155822754
Tajikistan,2014,26.5633735656738
Tajikistan,2015,26.478832244873
Tajikistan,2016,26.3718509674072
Tajikistan,2017,26.2731513977051
Tajikistan,2018,26.2338752746582
Tajikistan,2019,26.1300735473633
Tajikistan,2020,26.1925442328719
Tajikistan,2021,26.1991525151375
Tajikistan,2022,26.1957126615618
Tajikistan,2023,26.1890127571429
Ukraine,2000,67.403857296906
Ukraine,2001,67.2749805493459
Ukraine,2002,67.2672733350904
Ukraine,2003,67.419679868405
Ukraine,2004,67.5970968423685
Ukraine,2005,67.8136046317755
Ukraine,2006,68.0293347798948
Ukraine,2007,68.2102322372037
Ukraine,2008,68.3752085755346
Ukraine,2009,68.5251442249547
Ukraine,2010,68.637397133357
Ukraine,2011,68.7234299826222
Ukraine,2012,68.8241983107739
Ukraine,2013,68.9326288082226
Ukraine,2014,69.0554339301313
Ukraine,2015,69.1587317201337
Ukraine,2016,69.2102241609089
Ukraine,2017,69.2633108489282
Ukraine,2018,69.3157992777909
Ukraine,2019,69.3527648708735
Ukraine,2020,69.3839100516745
Ukraine,2021,69.4027032653896
Ukraine,2022,69.42345912103
Ukraine,2023,69.4754455027606
Uzbekistan,2000,47.6731005044
Uzbekistan,2001,48.4901886313987
Uzbekistan,2002,49.2574592650723
Uzbekistan,2003,49.9566881481443
Uzbekistan,2004,50.5696510233382
Uzbekistan,2005,51.0781236333777
Uzbekistan,2006,51.4638817209862
Uzbekistan,2007,51.7087010288873
Uzbekistan,2008,51.7943572998047
Uzbekistan,2009,51.6105041503906
Uzbekistan,2010,51.3321647644043
Uzbekistan,2011,51.3395500183105
Uzbekistan,2012,51.3359680175781
Uzbekistan,2013,51.1276969909668
Uzbekistan,2014,50.8868713378906
Uzbekistan,2015,50.6597328186035
Uzbekistan,2016,50.6572189331055
Uzbekistan,2017,50.6787376403809
Uzbekistan,2018,50.5814971923828
Uzbekistan,2019,50.5920104980469
Uzbekistan,2020,50.7670402526855
Uzbekistan,2021,50.9269905090332
Uzbekistan,2022,50.9847412109375
Uzbekistan,2023,50.9964841114568
