country,year,remittances_gdp_pct
Armenia,2000,9.52937131880005
Armenia,2001,9.87694921780921
Armenia,2002,11.1049155369612
Armenia,2003,11.9648272324739
Armenia,2004,22.0185694314846
Armenia,2005,18.6763974290117
Armenia,2006,18.3128176140903
Armenia,2007,17.86140864212
Armenia,2008,16.3270491787545
Armenia,2009,16.6491640509821
Armenia,2010,18.0268391620613
Armenia,2011,17.7342226487981
Armenia,2012,18.0330178717679
Armenia,2013,19.7113773941979
Armenia,2014,17.9044398383763
Armenia,2015,14.1327414277054
Armenia,2016,13.1074628255062
Armenia,2017,13.3477446383999
Armenia,2018,11.9427034082853
Armenia,2019,11.2189210772298
Armenia,2020,10.4970552541265
Armenia,2021,11.2171827452107
Armenia,2022,10.8688335174113
Armenia,2023,6.39621098617553
Azerbaijan,2000,1.08356085483563
Azerbaijan,2001,1.82431677750395
Azerbaijan,2002,2.61890157505979
Azerbaijan,2003,2.14332251762401
Azerbaijan,2004,2.34525903598978
Azerbaijan,2005,4.70528614042723
Azerbaijan,2006,3.7661645945845
Azerbaijan,2007,3.83587676218684
Azerbaijan,2008,3.10805893221251
Azerbaijan,2009,2.8326399787509
Azerbaijan,2010,2.66549763240316
Azerbaijan,2011,2.87035592504128
Azerbaijan,2012,2.85617334250334
Azerbaijan,2013,2.33704815215702
Azerbaijan,2014,2.45405271812669
Azerbaijan,2015,2.3927167997352
Azerbaijan,2016,1.69843941411199
Azerbaijan,2017,2.77334116720313
Azerbaijan,2018,2.60183768470009
Azerbaijan,2019,2.64699324657026
Azerbaijan,2020,3.2864567961961
Azerbaijan,2021,2.78454087413308
Azerbaijan,2022,5.012251973723
Azerbaijan,2023,2.64096975190127
Belarus,2000,0.896610533841336
Belarus,2001,0.543917266438404
Belarus,2002,0.552247667216307
Belarus,2003,0.920594142453945
Belarus,2004,1.034502146352
Belarus,2005,0.657396214062099
Belarus,2006,0.725612161429094
Belarus,2007,0.636765248499207
Belarus,2008,0.960131319014907
Belarus,2009,0.990305944135918
Belarus,2010,1.00520855385655
Belarus,2011,1.44197805594884
Belarus,2012,1.60323623987362
Belarus,2013,1.60669829212816
Belarus,2014,1.56230434080626
Belarus,2015,1.64999344176125
Belarus,2016,2.04636934122529
Belarus,2017,2.29107483588373
Belarus,2018,2.40842124890758
Belarus,2019,2.20275770985534
Belarus,2020,1.65173922227239
Belarus,2021,1.95829075886733
Belarus,2022,2.51903986221285
Belarus,2023,2.32727539479038
Estonia,2000,0.0712666387766335
Estonia,2001,0.176325007110157
Estonia,2002,0.259819126338696
Estonia,2003,0.518470913867566
Estonia,2004,1.37364276049152
Estonia,2005,1.80452851603841
Estonia,2006,2.30322072048345
Estonia,2007,1.69834419061507
Estonia,2008,1.7102671944637
Estonia,2009,1.73195269947209
Estonia,2010,1.8289159181023
Estonia,2011,1.88230425106787
Estonia,2012,1.98247424575578
Estonia,2013,2.21914951049391
Estonia,2014,2.01038525239817
Estonia,2015,1.96158904837248
Estonia,2016,1.98070961291692
Estonia,2017,1.83873745060341
Estonia,2018,1.82689423284705
Estonia,2019,1.70019299478304
Estonia,2020,1.59281791364911
Estonia,2021,1.58570663884137
Estonia,2022,1.22967848244244
Estonia,2023,1.17495352017049
Georgia,2000,6.73529202312621
Georgia,2001,6.79115752466275
Georgia,2002,6.66503181205268
Georgia,2003,6.22476000287562
Georgia,2004,6.99638215069328
Georgia,2005,6.95697266099558
Georgia,2006,8.09978657953664
Georgia,2007,8.68054072402569
Georgia,2008,8.3236359191983
Georgia,2009,10.3243983088381
Georgia,2010,9.52719496152171
Georgia,2011,9.99835475121327
Georgia,2012,10.4775310757486
Georgia,2013,11.1047071149006
Georgia,2014,11.056847673479
Georgia,2015,9.5819813727681
Georgia,2016,9.84674425354464
Georgia,2017,10.890132380253
Georgia,2018,11.3631244569541
Georgia,2019,12.8028589642654
Georgia,2020,13.1764161481873
Georgia,2021,14.0238156359641
Georgia,2022,15.4242760609985
Georgia,2023,13.6504078223071
Kazakhstan,2000,0.368863297858754
Kazakhstan,2001,0.383878450645308
Kazakhstan,2002,0.451556685268236
Kazakhstan,2003,0.136856101332743
Kazakhstan,2004,0.132966722215831
Kazakhstan,2005,0.108574815738916
Kazakhstan,2006,0.103192446831978
Kazakhstan,2007,0.136377234008485
Kazakhstan,2008,0.0941014656535349
Kazakhstan,2009,0.171887472539219
Kazakhstan,2010,0.152354119782252
Kazakhstan,2011,0.0932936660895134
Kazakhstan,2012,0.136051344243071
Kazakhstan,2013,0.144275547930533
Kazakhstan,2014,0.181279445291607
Kazakhstan,2015,0.15959228908192
Kazakhstan,2016,0.27984417174788
Kazakhstan,2017,0.33597213131325
Kazakhstan,2018,0.344618856879696
Kazakhstan,2019,0.278573150811193
Kazakhstan,2020,0.218836862121885
Kazakhstan,2021,0.157213071084416
Kazakhstan,2022,0.213219830288597
Kazakhstan,2023,0.115996073438374
Kyrgyzstan,2000,0.163812064068962
Kyrgyzstan,2001,0.297284121287703
Kyrgyzstan,2002,1.88667073714928
Kyrgyzstan,2003,3.66479861905155
Kyrgyzstan,2004,8.09652452257376
Kyrgyzstan,2005,12.7324731237381
Kyrgyzstan,2006,16.6917334209106
Kyrgyzstan,2007,18.513914681679
Kyrgyzstan,2008,23.7992695009347
Kyrgyzstan,2009,20.9371247573683
Kyrgyzstan,2010,26.4100938758912
Kyrgyzstan,2011,27.5695150811653
Kyrgyzstan,2012,30.7544325527209
Kyrgyzstan,2013,31.0564092290657
Kyrgyzstan,2014,30.0320907271748
Kyrgyzstan,2015,25.2718946040713
Kyrgyzstan,2016,29.2760903334236
Kyrgyzstan,2017,32.2705172692664
Kyrgyzstan,2018,32.5055687336898
Kyrgyzstan,2019,28.7859049850987
Kyrgyzstan,2020,31.8069826721848
Kyrgyzstan,2021,32.5635356064056
Kyrgyzstan,2022,26.5775606386275
Kyrgyzstan,2023,
Latvia,2000,3.24916548495243
Latvia,2001,3.34142859855123
Latvia,2002,1.21699024462232
Latvia,2003,1.4007321575177
Latvia,2004,1.58071221596804
Latvia,2005,2.32449363884608
Latvia,2006,2.34955653000909
Latvia,2007,1.87110120062372
Latvia,2008,5.62594953465104
Latvia,2009,6.17581400071879
Latvia,2010,5.35771550553895
Latvia,2011,5.66570960282216
Latvia,2012,5.52657807437145
Latvia,2013,5.5036877983812
Latvia,2014,5.13085900004383
Latvia,2015,5.0703767353682
Latvia,2016,4.55411994517047
Latvia,2017,4.33514862848996
Latvia,2018,3.72158241623154
Latvia,2019,3.45205124469257
Latvia,2020,3.26049152549512
Latvia,2021,3.45020908059925
Latvia,2022,3.40541390123867
Latvia,2023,2.88631577171599
Lithuania,2000,0.432376552714905
Lithuania,2001,0.645555344192364
Lithuania,2002,0.764919527460817
Lithuania,2003,0.610520440247571
Lithuania,2004,2.53919307476166
Lithuania,2005,2.85487616028856
Lithuania,2006,3.30190488506664
Lithuania,2007,3.60716310368191
Lithuania,2008,3.27256598885755
Lithuania,2009,3.30674682269735
Lithuania,2010,4.56671804926548
Lithuania,2011,4.5278395086244
Lithuania,2012,3.52892651275714
Lithuania,2013,4.44868367241846
Lithuania,2014,4.37464712421907
Lithuania,2015,3.30473244592127
Lithuania,2016,2.97861311278016
Lithuania,2017,2.72747361994343
Lithuania,2018,2.55608663061799
Lithuania,2019,2.36555049630818
Lithuania,2020,1.37702741376978
Lithuania,2021,1.16066302778464
Lithuania,2022,1.03605141610572
Lithuania,2023,1.22409792475394
Moldova,2000,13.7826722310316
Moldova,2001,16.3580954622492
Moldova,2002,19.4118710536305
Moldova,2003,24.434256316304
Moldova,2004,26.9939428415335
Moldova,2005,30.621653152555
Moldova,2006,34.4991746381553
Moldova,2007,33.8832385938611
Moldova,2008,31.1820776721655
Moldova,2009,24.8619604986136
Moldova,2010,25.1302427320706
Moldova,2011,21.5478268033462
Moldova,2012,22.8086850294921
Moldova,2013,23.0768148398865
Moldova,2014,22.0793458644557
Moldova,2015,19.751035292269
Moldova,2016,18.3841028050973
Moldova,2017,17.2146358007248
Moldova,2018,16.3337386523032
Moldova,2019,16.2728382462381
Moldova,2020,16.274922384411
Moldova,2021,15.4787484391198
Moldova,2022,14.0294158168182
Moldova,2023,12.0387300286119
Russia,2000,0.192503071220407
Russia,2001,0.32172320232662
Russia,2002,0.270929070680024
Russia,2003,0.258790908871147
Russia,2004,0.373382010119783
Russia,2005,0.449802113997943
Russia,2006,0.385923449755519
Russia,2007,0.359030354019774
Russia,2008,0.34542413264832
Russia,2009,0.417541988221401
Russia,2010,0.344282408841521
Russia,2011,0.298313804363493
Russia,2012,0.262090607919179
Russia,2013,0.294477562161684
Russia,2014,0.377640974141187
Russia,2015,0.506305846173427
Russia,2016,0.523867598943551
Russia,2017,0.523123068702963
Russia,2018,0.560375837837153
Russia,2019,0.616170784814508
Russia,2020,0.66406336325159
Russia,2021,0.527388477992061
Russia,2022,0.141610832659861
Russia,2023,0.126306674820383
Tajikistan,2000,
Tajikistan,2001,
Tajikistan,2002,6.43374005428851
Tajikistan,2003,9.38871507024825
Tajikistan,2004,12.1377953734503
Tajikistan,2005,24.4070340378686
Tajikistan,2006,34.4803707889679
Tajikistan,2007,40.6960068537209
Tajikistan,2008,44.1265382636326
Tajikistan,2009,31.4438313512332
Tajikistan,2010,35.8104365109815
Tajikistan,2011,41.7379526470592
Tajikistan,2012,42.2158394555421
Tajikistan,2013,43.7683574907798
Tajikistan,2014,37.1359784024863
Tajikistan,2015,27.306557809196
Tajikistan,2016,26.70605713952
Tajikistan,2017,29.6849721562403
Tajikistan,2018,28.1177144978702
Tajikistan,2019,27.9717718939678
Tajikistan,2020,26.8848943162433
Tajikistan,2021,32.6893794785095
Tajikistan,2022,49.8953124537059
Tajikistan,2023,37.8445781946342
Ukraine,2000,1.29420513887627
Ukraine,2001,2.1089006274417
Ukraine,2002,2.71179261802868
Ukraine,2003,2.92826299291522
Ukraine,2004,2.78636671290806
Ukraine,2005,2.69837586661565
Ukraine,2006,2.77249574349844
Ukraine,2007,3.55668840350097
Ukraine,2008,3.60532981523366
Ukraine,2009,4.88761394320421
Ukraine,2010,4.62788640442269
Ukraine,2011,4.61927764801976
Ukraine,2012,4.62726263528925
Ukraine,2013,5.07457234295051
Ukraine,2014,5.50845447210468
Ukraine,2015,9.30892003656947
Ukraine,2016,10.1461215673731
Ukraine,2017,10.8233966749932
Ukraine,2018,11.2261271501125
Ukraine,2019,10.2597396240268
Ukraine,2020,9.71346014003703
Ukraine,2021,9.04058383088579
Ukraine,2022,10.360546734925
Ukraine,2023,8.25895300735777
Uzbekistan,2000,
Uzbekistan,2001,
Uzbekistan,2002,
Uzbekistan,2003,
Uzbekistan,2004,
Uzbekistan,2005,7.17193652621924
Uzbekistan,2006,8.180185407437
Uzbekistan,2007,7.64888686011818
Uzbekistan,2008,12.2843587985737
Uzbekistan,2009,6.46524882083396
Uzbekistan,2010,6.90310933925255
Uzbekistan,2011,8.15471745166511
Uzbekistan,2012,9.01689935997158
Uzbekistan,2013,8.80231146942062
Uzbekistan,2014,8.42882528339748
Uzbekistan,2015,5.61878143544813
Uzbekistan,2016,6.72762541776342
Uzbekistan,2017,10.2293000322696
Uzbekistan,2018,12.9644724922439
Uzbekistan,2019,12.69979421355
Uzbekistan,2020,10.6613149757896
Uzbekistan,2021,11.9948771448385
Uzbekistan,2022,17.2173418207715
Uzbekistan,2023,13.8041936750861
