IndicatorId,IndicatorName,IndicatorShortName,Source,SourceYear,Author,LocationId,Location,Iso2,Iso3,TimeId,Time,VariantId,Variant,SexId,Sex,AgeId,AgeStart,AgeEnd,Age,CategoryId,Category,EstimateTypeId,EstimateType,EstimateMethodId,EstimateMethod,Value
19,"Total fertility rate","Total fertility rate","World Population Prospects",2024,"United Nations Population Division",31,"Azerbaijan","AZ","AZE",51,"2000",4,"Median",3,"Both sexes",188,0,-1,"Total",0,"Not applicable",1,"Model-based Estimates",2,"Interpolation",1.698
19,"Total fertility rate","Total fertility rate","World Population Prospects",2024,"United Nations Population Division",31,"Azerbaijan","AZ","AZE",52,"2001",4,"Median",3,"Both sexes",188,0,-1,"Total",0,"Not applicable",1,"Model-based Estimates",2,"Interpolation",1.5895
19,"Total fertility rate","Total fertility rate","World Population Prospects",2024,"United Nations Population Division",31,"Azerbaijan","AZ","AZE",53,"2002",4,"Median",3,"Both sexes",188,0,-1,"Total",0,"Not applicable",1,"Model-based Estimates",2,"Interpolation",1.5765
19,"Total fertility rate","Total fertility rate","World Population Prospects",2024,"United Nations Population Division",31,"Azerbaijan","AZ","AZE",54,"2003",4,"Median",3,"Both sexes",188,0,-1,"Total",0,"Not applicable",1,"Model-based Estimates",2,"Interpolation",1.590928
19,"Total fertility rate","Total fertility rate","World Population Prospects",2024,"United Nations Population Division",31,"Azerbaijan","AZ","AZE",55,"2004",4,"Median",3,"Both sexes",188,0,-1,"Total",0,"Not applicable",1,"Model-based Estimates",2,"Interpolation",1.965471
19,"Total fertility rate","Total fertility rate","World Population Prospects",2024,"United Nations Population Division",31,"Azerbaijan","AZ","AZE",56,"2005",4,"Median",3,"Both sexes",188,0,-1,"Total",0,"Not applicable",1,"Model-based Estimates",2,"Interpolation",1.98187
19,"Total fertility rate","Total fertility rate","World Population Prospects",2024,"United Nations Population Division",31,"Azerbaijan","AZ","AZE",57,"2006",4,"Median",3,"Both sexes",188,0,-1,"Total",0,"Not applicable",1,"Model-based Estimates",2,"Interpolation",2.019311
19,"Total fertility rate","Total fertility rate","World Population Prospects",2024,"United Nations Population Division",31,"Azerbaijan","AZ","AZE",58,"2007",4,"Median",3,"Both sexes",188,0,-1,"Total",0,"Not applicable",1,"Model-based Estimates",2,"Interpolation",1.96811
19,"Total fertility rate","Total fertility rate","World Population Prospects",2024,"United Nations Population Division",31,"Azerbaijan","AZ","AZE",59,"2008",4,"Median",3,"Both sexes",188,0,-1,"Total",0,"Not applicable",1,"Model-based Estimates",2,"Interpolation",1.90432
19,"Total fertility rate","Total fertility rate","World Population Prospects",2024,"United Nations Population Division",31,"Azerbaijan","AZ","AZE",60,"2009",4,"Median",3,"Both sexes",188,0,-1,"Total",0,"Not applicable",1,"Model-based Estimates",2,"Interpolation",1.82076
19,"Total fertility rate","Total fertility rate","World Population Prospects",2024,"United Nations Population Division",31,"Azerbaijan","AZ","AZE",61,"2010",4,"Median",3,"Both sexes",188,0,-1,"Total",0,"Not applicable",1,"Model-based Estimates",2,"Interpolation",1.924
19,"Total fertility rate","Total fertility rate","World Population Prospects",2024,"United Nations Population Division",31,"Azerbaijan","AZ","AZE",62,"2011",4,"Median",3,"Both sexes",188,0,-1,"Total",0,"Not applicable",1,"Model-based Estimates",2,"Interpolation",1.98
19,"Total fertility rate","Total fertility rate","World Population Prospects",2024,"United Nations Population Division",31,"Azerbaijan","AZ","AZE",63,"2012",4,"Median",3,"Both sexes",188,0,-1,"Total",0,"Not applicable",1,"Model-based Estimates",2,"Interpolation",2.141852
19,"Total fertility rate","Total fertility rate","World Population Prospects",2024,"United Nations Population Division",31,"Azerbaijan","AZ","AZE",64,"2013",4,"Median",3,"Both sexes",188,0,-1,"Total",0,"Not applicable",1,"Model-based Estimates",2,"Interpolation",2.147511
19,"Total fertility rate","Total fertility rate","World Population Prospects",2024,"United Nations Population Division",31,"Azerbaijan","AZ","AZE",65,"2014",4,"Median",3,"Both sexes",188,0,-1,"Total",0,"Not applicable",1,"Model-based Estimates",2,"Interpolation",2.130517
19,"Total fertility rate","Total fertility rate","World Population Prospects",2024,"United Nations Population Division",31,"Azerbaijan","AZ","AZE",66,"2015",4,"Median",3,"Both sexes",188,0,-1,"Total",0,"Not applicable",1,"Model-based Estimates",2,"Interpolation",2.091657
19,"Total fertility rate","Total fertility rate","World Population Prospects",2024,"United Nations Population Division",31,"Azerbaijan","AZ","AZE",67,"2016",4,"Median",3,"Both sexes",188,0,-1,"Total",0,"Not applicable",1,"Model-based Estimates",2,"Interpolation",2.032279
19,"Total fertility rate","Total fertility rate","World Population Prospects",2024,"United Nations Population Division",31,"Azerbaijan","AZ","AZE",68,"2017",4,"Median",3,"Both sexes",188,0,-1,"Total",0,"Not applicable",1,"Model-based Estimates",2,"Interpolation",1.961045
19,"Total fertility rate","Total fertility rate","World Population Prospects",2024,"United Nations Population Division",31,"Azerbaijan","AZ","AZE",69,"2018",4,"Median",3,"Both sexes",188,0,-1,"Total",0,"Not applicable",1,"Model-based Estimates",2,"Interpolation",1.905225
19,"Total fertility rate","Total fertility rate","World Population Prospects",2024,"United Nations Population Division",31,"Azerbaijan","AZ","AZE",70,"2019",4,"Median",3,"Both sexes",188,0,-1,"Total",0,"Not applicable",1,"Model-based Estimates",2,"Interpolation",1.845177
19,"Total fertility rate","Total fertility rate","World Population Prospects",2024,"United Nations Population Division",31,"Azerbaijan","AZ","AZE",71,"2020",4,"Median",3,"Both sexes",188,0,-1,"Total",0,"Not applicable",1,"Model-based Estimates",2,"Interpolation",1.764272
19,"Total fertility rate","Total fertility rate","World Population Prospects",2024,"United Nations Population Division",31,"Azerbaijan","AZ","AZE",72,"2021",4,"Median",3,"Both sexes",188,0,-1,"Total",0,"Not applicable",1,"Model-based Estimates",2,"Interpolation",1.710071
19,"Total fertility rate","Total fertility rate","World Population Prospects",2024,"United Nations Population Division",31,"Azerbaijan","AZ","AZE",73,"2022",4,"Median",3,"Both sexes",188,0,-1,"Total",0,"Not applicable",1,"Model-based Estimates",2,"Interpolation",1.687181
19,"Total fertility rate","Total fertility rate","World Population Prospects",2024,"United Nations Population Division",31,"Azerbaijan","AZ","AZE",74,"2023",4,"Median",3,"Both sexes",188,0,-1,"Total",0,"Not applicable",1,"Model-based Estimates",3,"Projection",1.670472
19,"Total fertility rate","Total fertility rate","World Population Prospects",2024,"United Nations Population Division",51,"Armenia","AM","ARM",51,"2000",4,"Median",3,"Both sexes",188,0,-1,"Total",0,"Not applicable",1,"Model-based Estimates",2,"Interpolation",1.469829
19,"Total fertility rate","Total fertility rate","World Population Prospects",2024,"United Nations Population Division",51,"Armenia","AM","ARM",52,"2001",4,"Median",3,"Both sexes",188,0,-1,"Total",0,"Not applicable",1,"Model-based Estimates",2,"Interpolation",1.402
19,"Total fertility rate","Total fertility rate","World Population Prospects",2024,"United Nations Population Division",51,"Armenia","AM","ARM",53,"2002",4,"Median",3,"Both sexes",188,0,-1,"Total",0,"Not applicable",1,"Model-based Estimates",2,"Interpolation",1.405
19,"Total fertility rate","Total fertility rate","World Population Prospects",2024,"United Nations Population Division",51,"Armenia","AM","ARM",54,"2003",4,"Median",3,"Both sexes",188,0,-1,"Total",0,"Not applicable",1,"Model-based Estimates",2,"Interpolation",1.472834
19,"Total fertility rate","Total fertility rate","World Population Prospects",2024,"United Nations Population Division",51,"Armenia","AM","ARM",55,"2004",4,"Median",3,"Both sexes",188,0,-1,"Total",0,"Not applicable",1,"Model-based Estimates",2,"Interpolation",1.490542
19,"Total fertility rate","Total fertility rate","World Population Prospects",2024,"United Nations Population Division",51,"Armenia","AM","ARM",56,"2005",4,"Median",3,"Both sexes",188,0,-1,"Total",0,"Not applicable",1,"Model-based Estimates",2,"Interpolation",1.492145
19,"Total fertility rate","Total fertility rate","World Population Prospects",2024,"United Nations Population Division",51,"Armenia","AM","ARM",57,"2006",4,"Median",3,"Both sexes",188,0,-1,"Total",0,"Not applicable",1,"Model-based Estimates",2,"Interpolation",1.494005
19,"Total fertility rate","Total fertility rate","World Population Prospects",2024,"United Nations Population Division",51,"Armenia","AM","ARM",58,"2007",4,"Median",3,"Both sexes",188,0,-1,"Total",0,"Not applicable",1,"Model-based Estimates",2,"Interpolation",1.519056
19,"Total fertility rate","Total fertility rate","World Population Prospects",2024,"United Nations Population Division",51,"Armenia","AM","ARM",59,"2008",4,"Median",3,"Both sexes",188,0,-1,"Total",0,"Not applicable",1,"Model-based Estimates",2,"Interpolation",1.541028
19,"Total fertility rate","Total fertility rate","World Population Prospects",2024,"United Nations Population Division",51,"Armenia","AM","ARM",60,"2009",4,"Median",3,"Both sexes",188,0,-1,"Total",0,"Not applicable",1,"Model-based Estimates",2,"Interpolation",1.574183
19,"Total fertility rate","Total fertility rate","World Population Prospects",2024,"United Nations Population Division",51,"Armenia","AM","ARM",61,"2010",4,"Median",3,"Both sexes",188,0,-1,"Total",0,"Not applicable",1,"Model-based Estimates",2,"Interpolation",1.587759
19,"Total fertility rate","Total fertility rate","World Population Prospects",2024,"United Nations Population Division",51,"Armenia","AM","ARM",62,"2011",4,"Median",3,"Both sexes",188,0,-1,"Total",0,"Not applicable",1,"Model-based Estimates",2,"Interpolation",1.615303
19,"Total fertility rate","Total fertility rate","World Population Prospects",2024,"United Nations Population Division",51,"Armenia","AM","ARM",63,"2012",4,"Median",3,"Both sexes",188,0,-1,"Total",0,"Not applicable",1,"Model-based Estimates",2,"Interpolation",1.647433
19,"Total fertility rate","Total fertility rate","World Population Prospects",2024,"United Nations Population Division",51,"Armenia","AM","ARM",64,"2013",4,"Median",3,"Both sexes",188,0,-1,"Total",0,"Not applicable",1,"Model-based Estimates",2,"Interpolation",1.668943
19,"Total fertility rate","Total fertility rate","World Population Prospects",2024,"United Nations Population Division",51,"Armenia","AM","ARM",65,"2014",4,"Median",3,"Both sexes",188,0,-1,"Total",0,"Not applicable",1,"Model-based Estimates",2,"Interpolation",1.663358
19,"Total fertility rate","Total fertility rate","World Population Prospects",2024,"United Nations Population Division",51,"Armenia","AM","ARM",66,"2015",4,"Median",3,"Both sexes",188,0,-1,"Total",0,"Not applicable",1,"Model-based Estimates",2,"Interpolation",1.62067
19,"Total fertility rate","Total fertility rate","World Population Prospects",2024,"United Nations Population Division",51,"Armenia","AM","ARM",67,"2016",4,"Median",3,"Both sexes",188,0,-1,"Total",0,"Not applicable",1,"Model-based Estimates",2,"Interpolation",1.6248
19,"Total fertility rate","Total fertility rate","World Population Prospects",2024,"United Nations Population Division",51,"Armenia","AM","ARM",68,"2017",4,"Median",3,"Both sexes",188,0,-1,"Total",0,"Not applicable",1,"Model-based Estimates",2,"Interpolation",1.56087
19,"Total fertility rate","Total fertility rate","World Population Prospects",2024,"United Nations Population Division",51,"Armenia","AM","ARM",69,"2018",4,"Median",3,"Both sexes",188,0,-1,"Total",0,"Not applicable",1,"Model-based Estimates",2,"Interpolation",1.56746
19,"Total fertility rate","Total fertility rate","World Population Prospects",2024,"United Nations Population Division",51,"Armenia","AM","ARM",70,"2019",4,"Median",3,"Both sexes",188,0,-1,"Total",0,"Not applicable",1,"Model-based Estimates",2,"Interpolation",1.60075
19,"Total fertility rate","Total fertility rate","World Population Prospects",2024,"United Nations Population Division",51,"Armenia","AM","ARM",71,"2020",4,"Median",3,"Both sexes",188,0,-1,"Total",0,"Not applicable",1,"Model-based Estimates",2,"Interpolation",1.619121
19,"Total fertility rate","Total fertility rate","World Population Prospects",2024,"United Nations Population Division",51,"Armenia","AM","ARM",72,"2021",4,"Median",3,"Both sexes",188,0,-1,"Total",0,"Not applicable",1,"Model-based Estimates",2,"Interpolation",1.7095
19,"Total fertility rate","Total fertility rate","World Population Prospects",2024,"United Nations Population Division",51,"Armenia","AM","ARM",73,"2022",4,"Median",3,"Both sexes",188,0,-1,"Total",0,"Not applicable",1,"Model-based Estimates",3,"Projection",1.719447
19,"Total fertility rate","Total fertility rate","World Population Prospects",2024,"United Nations Population Division",51,"Armenia","AM","ARM",74,"2023",4,"Median",3,"Both sexes",188,0,-1,"Total",0,"Not applicable",1,"Model-based Estimates",3,"Projection",1.713989
19,"Total fertility rate","Total fertility rate","World Population Prospects",2024,"United Nations Population Division",112,"Belarus","BY","BLR",51,"2000",4,"Median",3,"Both sexes",188,0,-1,"Total",0,"Not applicable",1,"Model-based Estimates",2,"Interpolation",1.272026
19,"Total fertility rate","Total fertility rate","World Population Prospects",2024,"United Nations Population Division",112,"Belarus","BY","BLR",52,"2001",4,"Median",3,"Both sexes",188,0,-1,"Total",0,"Not applicable",1,"Model-based Estimates",2,"Interpolation",1.241296
19,"Total fertility rate","Total fertility rate","World Population Prospects",2024,"United Nations Population Division",112,"Belarus","BY","BLR",53,"2002",4,"Median",3,"Both sexes",188,0,-1,"Total",0,"Not applicable",1,"Model-based Estimates",2,"Interpolation",1.202037
19,"Total fertility rate","Total fertility rate","World Population Prospects",2024,"United Nations Population Division",112,"Belarus","BY","BLR",54,"2003",4,"Median",3,"Both sexes",188,0,-1,"Total",0,"Not applicable",1,"Model-based Estimates",2,"Interpolation",1.191985
19,"Total fertility rate","Total fertility rate","World Population Prospects",2024,"United Nations Population Division",112,"Belarus","BY","BLR",55,"2004",4,"Median",3,"Both sexes",188,0,-1,"Total",0,"Not applicable",1,"Model-based Estimates",2,"Interpolation",1.195872
19,"Total fertility rate","Total fertility rate","World Population Prospects",2024,"United Nations Population Division",112,"Belarus","BY","BLR",56,"2005",4,"Median",3,"Both sexes",188,0,-1,"Total",0,"Not applicable",1,"Model-based Estimates",2,"Interpolation",1.220702
19,"Total fertility rate","Total fertility rate","World Population Prospects",2024,"United Nations Population Division",112,"Belarus","BY","BLR",57,"2006",4,"Median",3,"Both sexes",188,0,-1,"Total",0,"Not applicable",1,"Model-based Estimates",2,"Interpolation",1.305459
19,"Total fertility rate","Total fertility rate","World Population Prospects",2024,"United Nations Population Division",112,"Belarus","BY","BLR",58,"2007",4,"Median",3,"Both sexes",188,0,-1,"Total",0,"Not applicable",1,"Model-based Estimates",2,"Interpolation",1.393832
19,"Total fertility rate","Total fertility rate","World Population Prospects",2024,"United Nations Population Division",112,"Belarus","BY","BLR",59,"2008",4,"Median",3,"Both sexes",188,0,-1,"Total",0,"Not applicable",1,"Model-based Estimates",2,"Interpolation",1.448514
19,"Total fertility rate","Total fertility rate","World Population Prospects",2024,"United Nations Population Division",112,"Belarus","BY","BLR",60,"2009",4,"Median",3,"Both sexes",188,0,-1,"Total",0,"Not applicable",1,"Model-based Estimates",2,"Interpolation",1.481058
19,"Total fertility rate","Total fertility rate","World Population Prospects",2024,"United Nations Population Division",112,"Belarus","BY","BLR",61,"2010",4,"Median",3,"Both sexes",188,0,-1,"Total",0,"Not applicable",1,"Model-based Estimates",2,"Interpolation",1.478168
19,"Total fertility rate","Total fertility rate","World Population Prospects",2024,"United Nations Population Division",112,"Belarus","BY","BLR",62,"2011",4,"Median",3,"Both sexes",188,0,-1,"Total",0,"Not applicable",1,"Model-based Estimates",2,"Interpolation",1.524056
19,"Total fertility rate","Total fertility rate","World Population Prospects",2024,"United Nations Population Division",112,"Belarus","BY","BLR",63,"2012",4,"Median",3,"Both sexes",188,0,-1,"Total",0,"Not applicable",1,"Model-based Estimates",2,"Interpolation",1.623373
19,"Total fertility rate","Total fertility rate","World Population Prospects",2024,"United Nations Population Division",112,"Belarus","BY","BLR",64,"2013",4,"Median",3,"Both sexes",188,0,-1,"Total",0,"Not applicable",1,"Model-based Estimates",2,"Interpolation",1.673131
19,"Total fertility rate","Total fertility rate","World Population Prospects",2024,"United Nations Population Division",112,"Belarus","BY","BLR",65,"2014",4,"Median",3,"Both sexes",188,0,-1,"Total",0,"Not applicable",1,"Model-based Estimates",2,"Interpolation",1.701985
19,"Total fertility rate","Total fertility rate","World Population Prospects",2024,"United Nations Population Division",112,"Belarus","BY","BLR",66,"2015",4,"Median",3,"Both sexes",188,0,-1,"Total",0,"Not applicable",1,"Model-based Estimates",2,"Interpolation",1.728063
19,"Total fertility rate","Total fertility rate","World Population Prospects",2024,"United Nations Population Division",112,"Belarus","BY","BLR",67,"2016",4,"Median",3,"Both sexes",188,0,-1,"Total",0,"Not applicable",1,"Model-based Estimates",2,"Interpolation",1.727121
19,"Total fertility rate","Total fertility rate","World Population Prospects",2024,"United Nations Population Division",112,"Belarus","BY","BLR",68,"2017",4,"Median",3,"Both sexes",188,0,-1,"Total",0,"Not applicable",1,"Model-based Estimates",2,"Interpolation",1.549854
19,"Total fertility rate","Total fertility rate","World Population Prospects",2024,"United Nations Population Division",112,"Belarus","BY","BLR",69,"2018",4,"Median",3,"Both sexes",188,0,-1,"Total",0,"Not applicable",1,"Model-based Estimates",2,"Interpolation",1.457408
19,"Total fertility rate","Total fertility rate","World Population Prospects",2024,"United Nations Population Division",112,"Belarus","BY","BLR",70,"2019",4,"Median",3,"Both sexes",188,0,-1,"Total",0,"Not applicable",1,"Model-based Estimates",2,"Interpolation",1.389239
19,"Total fertility rate","Total fertility rate","World Population Prospects",2024,"United Nations Population Division",112,"Belarus","BY","BLR",71,"2020",4,"Median",3,"Both sexes",188,0,-1,"Total",0,"Not applicable",1,"Model-based Estimates",3,"Projection",1.369058
19,"Total fertility rate","Total fertility rate","World Population Prospects",2024,"United Nations Population Division",112,"Belarus","BY","BLR",72,"2021",4,"Median",3,"Both sexes",188,0,-1,"Total",0,"Not applicable",1,"Model-based Estimates",3,"Projection",1.370554
19,"Total fertility rate","Total fertility rate","World Population Prospects",2024,"United Nations Population Division",112,"Belarus","BY","BLR",73,"2022",4,"Median",3,"Both sexes",188,0,-1,"Total",0,"Not applicable",1,"Model-based Estimates",3,"Projection",1.326413
19,"Total fertility rate","Total fertility rate","World Population Prospects",2024,"United Nations Population Division",112,"Belarus","BY","BLR",74,"2023",4,"Median",3,"Both sexes",188,0,-1,"Total",0,"Not applicable",1,"Model-based Estimates",3,"Projection",1.207569
19,"Total fertility rate","Total fertility rate","World Population Prospects",2024,"United Nations Population Division",233,"Estonia","EE","EST",51,"2000",4,"Median",3,"Both sexes",188,0,-1,"Total",0,"Not applicable",1,"Model-based Estimates",2,"Interpolation",1.347264
19,"Total fertility rate","Total fertility rate","World Population Prospects",2024,"United Nations Population Division",233,"Estonia","EE","EST",52,"2001",4,"Median",3,"Both sexes",188,0,-1,"Total",0,"Not applicable",1,"Model-based Estimates",2,"Interpolation",1.315406
19,"Total fertility rate","Total fertility rate","World Population Prospects",2024,"United Nations Population Division",233,"Estonia","EE","EST",53,"2002",4,"Median",3,"Both sexes",188,0,-1,"Total",0,"Not applicable",1,"Model-based Estimates",2,"Interpolation",1.353164
19,"Total fertility rate","Total fertility rate","World Population Prospects",2024,"United Nations Population Division",233,"Estonia","EE","EST",54,"2003",4,"Median",3,"Both sexes",188,0,-1,"Total",0,"Not applicable",1,"Model-based Estimates",2,"Interpolation",1.364778
19,"Total fertility rate","Total fertility rate","World Population Prospects",2024,"United Nations Population Division",233,"Estonia","EE","EST",55,"2004",4,"Median",3,"Both sexes",188,0,-1,"Total",0,"Not applicable",1,"Model-based Estimates",2,"Interpolation",1.464967
19,"Total fertility rate","Total fertility rate","World Population Prospects",2024,"United Nations Population Division",233,"Estonia","EE","EST",56,"2005",4,"Median",3,"Both sexes",188,0,-1,"Total",0,"Not applicable",1,"Model-based Estimates",2,"Interpolation",1.514667
19,"Total fertility rate","Total fertility rate","World Population Prospects",2024,"United Nations Population Division",233,"Estonia","EE","EST",57,"2006",4,"Median",3,"Both sexes",188,0,-1,"Total",0,"Not applicable",1,"Model-based Estimates",2,"Interpolation",1.582784
19,"Total fertility rate","Total fertility rate","World Population Prospects",2024,"United Nations Population Division",233,"Estonia","EE","EST",58,"2007",4,"Median",3,"Both sexes",188,0,-1,"Total",0,"Not applicable",1,"Model-based Estimates",2,"Interpolation",1.684803
19,"Total fertility rate","Total fertility rate","World Population Prospects",2024,"United Nations Population Division",233,"Estonia","EE","EST",59,"2008",4,"Median",3,"Both sexes",188,0,-1,"Total",0,"Not applicable",1,"Model-based Estimates",2,"Interpolation",1.718613
19,"Total fertility rate","Total fertility rate","World Population Prospects",2024,"United Nations Population Division",233,"Estonia","EE","EST",60,"2009",4,"Median",3,"Both sexes",188,0,-1,"Total",0,"Not applicable",1,"Model-based Estimates",2,"Interpolation",1.700792
19,"Total fertility rate","Total fertility rate","World Population Prospects",2024,"United Nations Population Division",233,"Estonia","EE","EST",61,"2010",4,"Median",3,"Both sexes",188,0,-1,"Total",0,"Not applicable",1,"Model-based Estimates",2,"Interpolation",1.715837
19,"Total fertility rate","Total fertility rate","World Population Prospects",2024,"United Nations Population Division",233,"Estonia","EE","EST",62,"2011",4,"Median",3,"Both sexes",188,0,-1,"Total",0,"Not applicable",1,"Model-based Estimates",2,"Interpolation",1.615645
19,"Total fertility rate","Total fertility rate","World Population Prospects",2024,"United Nations Population Division",233,"Estonia","EE","EST",63,"2012",4,"Median",3,"Both sexes",188,0,-1,"Total",0,"Not applicable",1,"Model-based Estimates",2,"Interpolation",1.561469
19,"Total fertility rate","Total fertility rate","World Population Prospects",2024,"United Nations Population Division",233,"Estonia","EE","EST",64,"2013",4,"Median",3,"Both sexes",188,0,-1,"Total",0,"Not applicable",1,"Model-based Estimates",2,"Interpolation",1.5239
19,"Total fertility rate","Total fertility rate","World Population Prospects",2024,"United Nations Population Division",233,"Estonia","EE","EST",65,"2014",4,"Median",3,"Both sexes",188,0,-1,"Total",0,"Not applicable",1,"Model-based Estimates",2,"Interpolation",1.542711
19,"Total fertility rate","Total fertility rate","World Population Prospects",2024,"United Nations Population Division",233,"Estonia","EE","EST",66,"2015",4,"Median",3,"Both sexes",188,0,-1,"Total",0,"Not applicable",1,"Model-based Estimates",2,"Interpolation",1.580458
19,"Total fertility rate","Total fertility rate","World Population Prospects",2024,"United Nations Population Division",233,"Estonia","EE","EST",67,"2016",4,"Median",3,"Both sexes",188,0,-1,"Total",0,"Not applicable",1,"Model-based Estimates",2,"Interpolation",1.603494
19,"Total fertility rate","Total fertility rate","World Population Prospects",2024,"United Nations Population Division",233,"Estonia","EE","EST",68,"2017",4,"Median",3,"Both sexes",188,0,-1,"Total",0,"Not applicable",1,"Model-based Estimates",2,"Interpolation",1.595724
19,"Total fertility rate","Total fertility rate","World Population Prospects",2024,"United Nations Population Division",233,"Estonia","EE","EST",69,"2018",4,"Median",3,"Both sexes",188,0,-1,"Total",0,"Not applicable",1,"Model-based Estimates",2,"Interpolation",1.670176
19,"Total fertility rate","Total fertility rate","World Population Prospects",2024,"United Nations Population Division",233,"Estonia","EE","EST",70,"2019",4,"Median",3,"Both sexes",188,0,-1,"Total",0,"Not applicable",1,"Model-based Estimates",2,"Interpolation",1.661437
19,"Total fertility rate","Total fertility rate","World Population Prospects",2024,"United Nations Population Division",233,"Estonia","EE","EST",71,"2020",4,"Median",3,"Both sexes",188,0,-1,"Total",0,"Not applicable",1,"Model-based Estimates",2,"Interpolation",1.587592
19,"Total fertility rate","Total fertility rate","World Population Prospects",2024,"United Nations Population Division",233,"Estonia","EE","EST",72,"2021",4,"Median",3,"Both sexes",188,0,-1,"Total",0,"Not applicable",1,"Model-based Estimates",2,"Interpolation",1.59408
19,"Total fertility rate","Total fertility rate","World Population Prospects",2024,"United Nations Population Division",233,"Estonia","EE","EST",73,"2022",4,"Median",3,"Both sexes",188,0,-1,"Total",0,"Not applicable",1,"Model-based Estimates",2,"Interpolation",1.41
19,"Total fertility rate","Total fertility rate","World Population Prospects",2024,"United Nations Population Division",233,"Estonia","EE","EST",74,"2023",4,"Median",3,"Both sexes",188,0,-1,"Total",0,"Not applicable",1,"Model-based Estimates",3,"Projection",1.35
19,"Total fertility rate","Total fertility rate","World Population Prospects",2024,"United Nations Population Division",268,"Georgia","GE","GEO",51,"2000",4,"Median",3,"Both sexes",188,0,-1,"Total",0,"Not applicable",1,"Model-based Estimates",2,"Interpolation",1.609324
19,"Total fertility rate","Total fertility rate","World Population Prospects",2024,"United Nations Population Division",268,"Georgia","GE","GEO",52,"2001",4,"Median",3,"Both sexes",188,0,-1,"Total",0,"Not applicable",1,"Model-based Estimates",2,"Interpolation",1.579177
19,"Total fertility rate","Total fertility rate","World Population Prospects",2024,"United Nations Population Division",268,"Georgia","GE","GEO",53,"2002",4,"Median",3,"Both sexes",188,0,-1,"Total",0,"Not applicable",1,"Model-based Estimates",2,"Interpolation",1.570594
19,"Total fertility rate","Total fertility rate","World Population Prospects",2024,"United Nations Population Division",268,"Georgia","GE","GEO",54,"2003",4,"Median",3,"Both sexes",188,0,-1,"Total",0,"Not applicable",1,"Model-based Estimates",2,"Interpolation",1.551747
19,"Total fertility rate","Total fertility rate","World Population Prospects",2024,"United Nations Population Division",268,"Georgia","GE","GEO",55,"2004",4,"Median",3,"Both sexes",188,0,-1,"Total",0,"Not applicable",1,"Model-based Estimates",2,"Interpolation",1.565929
19,"Total fertility rate","Total fertility rate","World Population Prospects",2024,"United Nations Population Division",268,"Georgia","GE","GEO",56,"2005",4,"Median",3,"Both sexes",188,0,-1,"Total",0,"Not applicable",1,"Model-based Estimates",2,"Interpolation",1.583265
19,"Total fertility rate","Total fertility rate","World Population Prospects",2024,"United Nations Population Division",268,"Georgia","GE","GEO",57,"2006",4,"Median",3,"Both sexes",188,0,-1,"Total",0,"Not applicable",1,"Model-based Estimates",2,"Interpolation",1.616842
19,"Total fertility rate","Total fertility rate","World Population Prospects",2024,"United Nations Population Division",268,"Georgia","GE","GEO",58,"2007",4,"Median",3,"Both sexes",188,0,-1,"Total",0,"Not applicable",1,"Model-based Estimates",2,"Interpolation",1.6968
19,"Total fertility rate","Total fertility rate","World Population Prospects",2024,"United Nations Population Division",268,"Georgia","GE","GEO",59,"2008",4,"Median",3,"Both sexes",188,0,-1,"Total",0,"Not applicable",1,"Model-based Estimates",2,"Interpolation",1.831635
19,"Total fertility rate","Total fertility rate","World Population Prospects",2024,"United Nations Population Division",268,"Georgia","GE","GEO",60,"2009",4,"Median",3,"Both sexes",188,0,-1,"Total",0,"Not applicable",1,"Model-based Estimates",2,"Interpolation",1.9926
19,"Total fertility rate","Total fertility rate","World Population Prospects",2024,"United Nations Population Division",268,"Georgia","GE","GEO",61,"2010",4,"Median",3,"Both sexes",188,0,-1,"Total",0,"Not applicable",1,"Model-based Estimates",2,"Interpolation",1.9728
19,"Total fertility rate","Total fertility rate","World Population Prospects",2024,"United Nations Population Division",268,"Georgia","GE","GEO",62,"2011",4,"Median",3,"Both sexes",188,0,-1,"Total",0,"Not applicable",1,"Model-based Estimates",2,"Interpolation",1.915175
19,"Total fertility rate","Total fertility rate","World Population Prospects",2024,"United Nations Population Division",268,"Georgia","GE","GEO",63,"2012",4,"Median",3,"Both sexes",188,0,-1,"Total",0,"Not applicable",1,"Model-based Estimates",2,"Interpolation",1.929131
19,"Total fertility rate","Total fertility rate","World Population Prospects",2024,"United Nations Population Division",268,"Georgia","GE","GEO",64,"2013",4,"Median",3,"Both sexes",188,0,-1,"Total",0,"Not applicable",1,"Model-based Estimates",2,"Interpolation",1.992728
19,"Total fertility rate","Total fertility rate","World Population Prospects",2024,"United Nations Population Division",268,"Georgia","GE","GEO",65,"2014",4,"Median",3,"Both sexes",188,0,-1,"Total",0,"Not applicable",1,"Model-based Estimates",2,"Interpolation",2.18
19,"Total fertility rate","Total fertility rate","World Population Prospects",2024,"United Nations Population Division",268,"Georgia","GE","GEO",66,"2015",4,"Median",3,"Both sexes",188,0,-1,"Total",0,"Not applicable",1,"Model-based Estimates",2,"Interpolation",2.21445
19,"Total fertility rate","Total fertility rate","World Population Prospects",2024,"United Nations Population Division",268,"Georgia","GE","GEO",67,"2016",4,"Median",3,"Both sexes",188,0,-1,"Total",0,"Not applicable",1,"Model-based Estimates",2,"Interpolation",2.22789
19,"Total fertility rate","Total fertility rate","World Population Prospects",2024,"United Nations Population Division",268,"Georgia","GE","GEO",68,"2017",4,"Median",3,"Both sexes",188,0,-1,"Total",0,"Not applicable",1,"Model-based Estimates",2,"Interpolation",2.13639
19,"Total fertility rate","Total fertility rate","World Population Prospects",2024,"United Nations Population Division",268,"Georgia","GE","GEO",69,"2018",4,"Median",3,"Both sexes",188,0,-1,"Total",0,"Not applicable",1,"Model-based Estimates",2,"Interpolation",2.09321
19,"Total fertility rate","Total fertility rate","World Population Prospects",2024,"United Nations Population Division",268,"Georgia","GE","GEO",70,"2019",4,"Median",3,"Both sexes",188,0,-1,"Total",0,"Not applicable",1,"Model-based Estimates",2,"Interpolation",2.02114
19,"Total fertility rate","Total fertility rate","World Population Prospects",2024,"United Nations Population Division",268,"Georgia","GE","GEO",71,"2020",4,"Median",3,"Both sexes",188,0,-1,"Total",0,"Not applicable",1,"Model-based Estimates",2,"Interpolation",1.9759
19,"Total fertility rate","Total fertility rate","World Population Prospects",2024,"United Nations Population Division",268,"Georgia","GE","GEO",72,"2021",4,"Median",3,"Both sexes",188,0,-1,"Total",0,"Not applicable",1,"Model-based Estimates",2,"Interpolation",1.98
19,"Total fertility rate","Total fertility rate","World Population Prospects",2024,"United Nations Population Division",268,"Georgia","GE","GEO",73,"2022",4,"Median",3,"Both sexes",188,0,-1,"Total",0,"Not applicable",1,"Model-based Estimates",2,"Interpolation",1.82
19,"Total fertility rate","Total fertility rate","World Population Prospects",2024,"United Nations Population Division",268,"Georgia","GE","GEO",74,"2023",4,"Median",3,"Both sexes",188,0,-1,"Total",0,"Not applicable",1,"Model-based Estimates",3,"Projection",1.81
19,"Total fertility rate","Total fertility rate","World Population Prospects",2024,"United Nations Population Division",398,"Kazakhstan","KZ","KAZ",51,"2000",4,"Median",3,"Both sexes",188,0,-1,"Total",0,"Not applicable",1,"Model-based Estimates",2,"Interpolation",1.89809
19,"Total fertility rate","Total fertility rate","World Population Prospects",2024,"United Nations Population Division",398,"Kazakhstan","KZ","KAZ",52,"2001",4,"Median",3,"Both sexes",188,0,-1,"Total",0,"Not applicable",1,"Model-based Estimates",2,"Interpolation",1.905696
19,"Total fertility rate","Total fertility rate","World Population Prospects",2024,"United Nations Population Division",398,"Kazakhstan","KZ","KAZ",53,"2002",4,"Median",3,"Both sexes",188,0,-1,"Total",0,"Not applicable",1,"Model-based Estimates",2,"Interpolation",1.95617
19,"Total fertility rate","Total fertility rate","World Population Prospects",2024,"United Nations Population Division",398,"Kazakhstan","KZ","KAZ",54,"2003",4,"Median",3,"Both sexes",188,0,-1,"Total",0,"Not applicable",1,"Model-based Estimates",2,"Interpolation",2.075107
19,"Total fertility rate","Total fertility rate","World Population Prospects",2024,"United Nations Population Division",398,"Kazakhstan","KZ","KAZ",55,"2004",4,"Median",3,"Both sexes",188,0,-1,"Total",0,"Not applicable",1,"Model-based Estimates",2,"Interpolation",2.201442
19,"Total fertility rate","Total fertility rate","World Population Prospects",2024,"United Nations Population Division",398,"Kazakhstan","KZ","KAZ",56,"2005",4,"Median",3,"Both sexes",188,0,-1,"Total",0,"Not applicable",1,"Model-based Estimates",2,"Interpolation",2.274309
19,"Total fertility rate","Total fertility rate","World Population Prospects",2024,"United Nations Population Division",398,"Kazakhstan","KZ","KAZ",57,"2006",4,"Median",3,"Both sexes",188,0,-1,"Total",0,"Not applicable",1,"Model-based Estimates",2,"Interpolation",2.38042
19,"Total fertility rate","Total fertility rate","World Population Prospects",2024,"United Nations Population Division",398,"Kazakhstan","KZ","KAZ",58,"2007",4,"Median",3,"Both sexes",188,0,-1,"Total",0,"Not applicable",1,"Model-based Estimates",2,"Interpolation",2.49025
19,"Total fertility rate","Total fertility rate","World Population Prospects",2024,"United Nations Population Division",398,"Kazakhstan","KZ","KAZ",59,"2008",4,"Median",3,"Both sexes",188,0,-1,"Total",0,"Not applicable",1,"Model-based Estimates",2,"Interpolation",2.616441
19,"Total fertility rate","Total fertility rate","World Population Prospects",2024,"United Nations Population Division",398,"Kazakhstan","KZ","KAZ",60,"2009",4,"Median",3,"Both sexes",188,0,-1,"Total",0,"Not applicable",1,"Model-based Estimates",2,"Interpolation",2.579726
19,"Total fertility rate","Total fertility rate","World Population Prospects",2024,"United Nations Population Division",398,"Kazakhstan","KZ","KAZ",61,"2010",4,"Median",3,"Both sexes",188,0,-1,"Total",0,"Not applicable",1,"Model-based Estimates",2,"Interpolation",2.61
19,"Total fertility rate","Total fertility rate","World Population Prospects",2024,"United Nations Population Division",398,"Kazakhstan","KZ","KAZ",62,"2011",4,"Median",3,"Both sexes",188,0,-1,"Total",0,"Not applicable",1,"Model-based Estimates",2,"Interpolation",2.605
19,"Total fertility rate","Total fertility rate","World Population Prospects",2024,"United Nations Population Division",398,"Kazakhstan","KZ","KAZ",63,"2012",4,"Median",3,"Both sexes",188,0,-1,"Total",0,"Not applicable",1,"Model-based Estimates",2,"Interpolation",2.64
19,"Total fertility rate","Total fertility rate","World Population Prospects",2024,"United Nations Population Division",398,"Kazakhstan","KZ","KAZ",64,"2013",4,"Median",3,"Both sexes",188,0,-1,"Total",0,"Not applicable",1,"Model-based Estimates",2,"Interpolation",2.67
19,"Total fertility rate","Total fertility rate","World Population Prospects",2024,"United Nations Population Division",398,"Kazakhstan","KZ","KAZ",65,"2014",4,"Median",3,"Both sexes",188,0,-1,"Total",0,"Not applicable",1,"Model-based Estimates",2,"Interpolation",2.76
19,"Total fertility rate","Total fertility rate","World Population Prospects",2024,"United Nations Population Division",398,"Kazakhstan","KZ","KAZ",66,"2015",4,"Median",3,"Both sexes",188,0,-1,"Total",0,"Not applicable",1,"Model-based Estimates",2,"Interpolation",2.755
19,"Total fertility rate","Total fertility rate","World Population Prospects",2024,"United Nations Population Division",398,"Kazakhstan","KZ","KAZ",67,"2016",4,"Median",3,"Both sexes",188,0,-1,"Total",0,"Not applicable",1,"Model-based Estimates",2,"Interpolation",2.795
19,"Total fertility rate","Total fertility rate","World Population Prospects",2024,"United Nations Population Division",398,"Kazakhstan","KZ","KAZ",68,"2017",4,"Median",3,"Both sexes",188,0,-1,"Total",0,"Not applicable",1,"Model-based Estimates",2,"Interpolation",2.745
19,"Total fertility rate","Total fertility rate","World Population Prospects",2024,"United Nations Population Division",398,"Kazakhstan","KZ","KAZ",69,"2018",4,"Median",3,"Both sexes",188,0,-1,"Total",0,"Not applicable",1,"Model-based Estimates",2,"Interpolation",2.845
19,"Total fertility rate","Total fertility rate","World Population Prospects",2024,"United Nations Population Division",398,"Kazakhstan","KZ","KAZ",70,"2019",4,"Median",3,"Both sexes",188,0,-1,"Total",0,"Not applicable",1,"Model-based Estimates",2,"Interpolation",2.89
19,"Total fertility rate","Total fertility rate","World Population Prospects",2024,"United Nations Population Division",398,"Kazakhstan","KZ","KAZ",71,"2020",4,"Median",3,"Both sexes",188,0,-1,"Total",0,"Not applicable",1,"Model-based Estimates",2,"Interpolation",3.13
19,"Total fertility rate","Total fertility rate","World Population Prospects",2024,"United Nations Population Division",398,"Kazakhstan","KZ","KAZ",72,"2021",4,"Median",3,"Both sexes",188,0,-1,"Total",0,"Not applicable",1,"Model-based Estimates",2,"Interpolation",3.32
19,"Total fertility rate","Total fertility rate","World Population Prospects",2024,"United Nations Population Division",398,"Kazakhstan","KZ","KAZ",73,"2022",4,"Median",3,"Both sexes",188,0,-1,"Total",0,"Not applicable",1,"Model-based Estimates",2,"Interpolation",3.05
19,"Total fertility rate","Total fertility rate","World Population Prospects",2024,"United Nations Population Division",398,"Kazakhstan","KZ","KAZ",74,"2023",4,"Median",3,"Both sexes",188,0,-1,"Total",0,"Not applicable",1,"Model-based Estimates",3,"Projection",3.012421
19,"Total fertility rate","Total fertility rate","World Population Prospects",2024,"United Nations Population Division",417,"Kyrgyzstan","KG","KGZ",51,"2000",4,"Median",3,"Both sexes",188,0,-1,"Total",0,"Not applicable",1,"Model-based Estimates",2,"Interpolation",2.576373
19,"Total fertility rate","Total fertility rate","World Population Prospects",2024,"United Nations Population Division",417,"Kyrgyzstan","KG","KGZ",52,"2001",4,"Median",3,"Both sexes",188,0,-1,"Total",0,"Not applicable",1,"Model-based Estimates",2,"Interpolation",2.545637
19,"Total fertility rate","Total fertility rate","World Population Prospects",2024,"United Nations Population Division",417,"Kyrgyzstan","KG","KGZ",53,"2002",4,"Median",3,"Both sexes",188,0,-1,"Total",0,"Not applicable",1,"Model-based Estimates",2,"Interpolation",2.565579
19,"Total fertility rate","Total fertility rate","World Population Prospects",2024,"United Nations Population Division",417,"Kyrgyzstan","KG","KGZ",54,"2003",4,"Median",3,"Both sexes",188,0,-1,"Total",0,"Not applicable",1,"Model-based Estimates",2,"Interpolation",2.595357
19,"Total fertility rate","Total fertility rate","World Population Prospects",2024,"United Nations Population Division",417,"Kyrgyzstan","KG","KGZ",55,"2004",4,"Median",3,"Both sexes",188,0,-1,"Total",0,"Not applicable",1,"Model-based Estimates",2,"Interpolation",2.630736
19,"Total fertility rate","Total fertility rate","World Population Prospects",2024,"United Nations Population Division",417,"Kyrgyzstan","KG","KGZ",56,"2005",4,"Median",3,"Both sexes",188,0,-1,"Total",0,"Not applicable",1,"Model-based Estimates",2,"Interpolation",2.644842
19,"Total fertility rate","Total fertility rate","World Population Prospects",2024,"United Nations Population Division",417,"Kyrgyzstan","KG","KGZ",57,"2006",4,"Median",3,"Both sexes",188,0,-1,"Total",0,"Not applicable",1,"Model-based Estimates",2,"Interpolation",2.743576
19,"Total fertility rate","Total fertility rate","World Population Prospects",2024,"United Nations Population Division",417,"Kyrgyzstan","KG","KGZ",58,"2007",4,"Median",3,"Both sexes",188,0,-1,"Total",0,"Not applicable",1,"Model-based Estimates",2,"Interpolation",2.780943
19,"Total fertility rate","Total fertility rate","World Population Prospects",2024,"United Nations Population Division",417,"Kyrgyzstan","KG","KGZ",59,"2008",4,"Median",3,"Both sexes",188,0,-1,"Total",0,"Not applicable",1,"Model-based Estimates",2,"Interpolation",2.838361
19,"Total fertility rate","Total fertility rate","World Population Prospects",2024,"United Nations Population Division",417,"Kyrgyzstan","KG","KGZ",60,"2009",4,"Median",3,"Both sexes",188,0,-1,"Total",0,"Not applicable",1,"Model-based Estimates",2,"Interpolation",2.954713
19,"Total fertility rate","Total fertility rate","World Population Prospects",2024,"United Nations Population Division",417,"Kyrgyzstan","KG","KGZ",61,"2010",4,"Median",3,"Both sexes",188,0,-1,"Total",0,"Not applicable",1,"Model-based Estimates",2,"Interpolation",3.09639
19,"Total fertility rate","Total fertility rate","World Population Prospects",2024,"United Nations Population Division",417,"Kyrgyzstan","KG","KGZ",62,"2011",4,"Median",3,"Both sexes",188,0,-1,"Total",0,"Not applicable",1,"Model-based Estimates",2,"Interpolation",3.140412
19,"Total fertility rate","Total fertility rate","World Population Prospects",2024,"United Nations Population Division",417,"Kyrgyzstan","KG","KGZ",63,"2012",4,"Median",3,"Both sexes",188,0,-1,"Total",0,"Not applicable",1,"Model-based Estimates",2,"Interpolation",3.182737
19,"Total fertility rate","Total fertility rate","World Population Prospects",2024,"United Nations Population Division",417,"Kyrgyzstan","KG","KGZ",64,"2013",4,"Median",3,"Both sexes",188,0,-1,"Total",0,"Not applicable",1,"Model-based Estimates",2,"Interpolation",3.149759
19,"Total fertility rate","Total fertility rate","World Population Prospects",2024,"United Nations Population Division",417,"Kyrgyzstan","KG","KGZ",65,"2014",4,"Median",3,"Both sexes",188,0,-1,"Total",0,"Not applicable",1,"Model-based Estimates",2,"Interpolation",3.209546
19,"Total fertility rate","Total fertility rate","World Population Prospects",2024,"United Nations Population Division",417,"Kyrgyzstan","KG","KGZ",66,"2015",4,"Median",3,"Both sexes",188,0,-1,"Total",0,"Not applicable",1,"Model-based Estimates",2,"Interpolation",3.208325
19,"Total fertility rate","Total fertility rate","World Population Prospects",2024,"United Nations Population Division",417,"Kyrgyzstan","KG","KGZ",67,"2016",4,"Median",3,"Both sexes",188,0,-1,"Total",0,"Not applicable",1,"Model-based Estimates",2,"Interpolation",3.104141
19,"Total fertility rate","Total fertility rate","World Population Prospects",2024,"United Nations Population Division",417,"Kyrgyzstan","KG","KGZ",68,"2017",4,"Median",3,"Both sexes",188,0,-1,"Total",0,"Not applicable",1,"Model-based Estimates",2,"Interpolation",3.043527
19,"Total fertility rate","Total fertility rate","World Population Prospects",2024,"United Nations Population Division",417,"Kyrgyzstan","KG","KGZ",69,"2018",4,"Median",3,"Both sexes",188,0,-1,"Total",0,"Not applicable",1,"Model-based Estimates",2,"Interpolation",3.28
19,"Total fertility rate","Total fertility rate","World Population Prospects",2024,"United Nations Population Division",417,"Kyrgyzstan","KG","KGZ",70,"2019",4,"Median",3,"Both sexes",188,0,-1,"Total",0,"Not applicable",1,"Model-based Estimates",2,"Interpolation",3.33
19,"Total fertility rate","Total fertility rate","World Population Prospects",2024,"United Nations Population Division",417,"Kyrgyzstan","KG","KGZ",71,"2020",4,"Median",3,"Both sexes",188,0,-1,"Total",0,"Not applicable",1,"Model-based Estimates",2,"Interpolation",3.05
19,"Total fertility rate","Total fertility rate","World Population Prospects",2024,"United Nations Population Division",417,"Kyrgyzstan","KG","KGZ",72,"2021",4,"Median",3,"Both sexes",188,0,-1,"Total",0,"Not applicable",1,"Model-based Estimates",2,"Interpolation",2.89
19,"Total fertility rate","Total fertility rate","World Population Prospects",2024,"United Nations Population Division",417,"Kyrgyzstan","KG","KGZ",73,"2022",4,"Median",3,"Both sexes",188,0,-1,"Total",0,"Not applicable",1,"Model-based Estimates",2,"Interpolation",2.81
19,"Total fertility rate","Total fertility rate","World Population Prospects",2024,"United Nations Population Division",417,"Kyrgyzstan","KG","KGZ",74,"2023",4,"Median",3,"Both sexes",188,0,-1,"Total",0,"Not applicable",1,"Model-based Estimates",3,"Projection",2.8
19,"Total fertility rate","Total fertility rate","World Population Prospects",2024,"United Nations Population Division",428,"Latvia","LV","LVA",51,"2000",4,"Median",3,"Both sexes",188,0,-1,"Total",0,"Not applicable",1,"Model-based Estimates",2,"Interpolation",1.244485
19,"Total fertility rate","Total fertility rate","World Population Prospects",2024,"United Nations Population Division",428,"Latvia","LV","LVA",52,"2001",4,"Median",3,"Both sexes",188,0,-1,"Total",0,"Not applicable",1,"Model-based Estimates",2,"Interpolation",1.222852
19,"Total fertility rate","Total fertility rate","World Population Prospects",2024,"United Nations Population Division",428,"Latvia","LV","LVA",53,"2002",4,"Median",3,"Both sexes",188,0,-1,"Total",0,"Not applicable",1,"Model-based Estimates",2,"Interpolation",1.257519
19,"Total fertility rate","Total fertility rate","World Population Prospects",2024,"United Nations Population Division",428,"Latvia","LV","LVA",54,"2003",4,"Median",3,"Both sexes",188,0,-1,"Total",0,"Not applicable",1,"Model-based Estimates",2,"Interpolation",1.32183
19,"Total fertility rate","Total fertility rate","World Population Prospects",2024,"United Nations Population Division",428,"Latvia","LV","LVA",55,"2004",4,"Median",3,"Both sexes",188,0,-1,"Total",0,"Not applicable",1,"Model-based Estimates",2,"Interpolation",1.296752
19,"Total fertility rate","Total fertility rate","World Population Prospects",2024,"United Nations Population Division",428,"Latvia","LV","LVA",56,"2005",4,"Median",3,"Both sexes",188,0,-1,"Total",0,"Not applicable",1,"Model-based Estimates",2,"Interpolation",1.389376
19,"Total fertility rate","Total fertility rate","World Population Prospects",2024,"United Nations Population Division",428,"Latvia","LV","LVA",57,"2006",4,"Median",3,"Both sexes",188,0,-1,"Total",0,"Not applicable",1,"Model-based Estimates",2,"Interpolation",1.463824
19,"Total fertility rate","Total fertility rate","World Population Prospects",2024,"United Nations Population Division",428,"Latvia","LV","LVA",58,"2007",4,"Median",3,"Both sexes",188,0,-1,"Total",0,"Not applicable",1,"Model-based Estimates",2,"Interpolation",1.542382
19,"Total fertility rate","Total fertility rate","World Population Prospects",2024,"United Nations Population Division",428,"Latvia","LV","LVA",59,"2008",4,"Median",3,"Both sexes",188,0,-1,"Total",0,"Not applicable",1,"Model-based Estimates",2,"Interpolation",1.585392
19,"Total fertility rate","Total fertility rate","World Population Prospects",2024,"United Nations Population Division",428,"Latvia","LV","LVA",60,"2009",4,"Median",3,"Both sexes",188,0,-1,"Total",0,"Not applicable",1,"Model-based Estimates",2,"Interpolation",1.471832
19,"Total fertility rate","Total fertility rate","World Population Prospects",2024,"United Nations Population Division",428,"Latvia","LV","LVA",61,"2010",4,"Median",3,"Both sexes",188,0,-1,"Total",0,"Not applicable",1,"Model-based Estimates",2,"Interpolation",1.367074
19,"Total fertility rate","Total fertility rate","World Population Prospects",2024,"United Nations Population Division",428,"Latvia","LV","LVA",62,"2011",4,"Median",3,"Both sexes",188,0,-1,"Total",0,"Not applicable",1,"Model-based Estimates",2,"Interpolation",1.342888
19,"Total fertility rate","Total fertility rate","World Population Prospects",2024,"United Nations Population Division",428,"Latvia","LV","LVA",63,"2012",4,"Median",3,"Both sexes",188,0,-1,"Total",0,"Not applicable",1,"Model-based Estimates",2,"Interpolation",1.444325
19,"Total fertility rate","Total fertility rate","World Population Prospects",2024,"United Nations Population Division",428,"Latvia","LV","LVA",64,"2013",4,"Median",3,"Both sexes",188,0,-1,"Total",0,"Not applicable",1,"Model-based Estimates",2,"Interpolation",1.527422
19,"Total fertility rate","Total fertility rate","World Population Prospects",2024,"United Nations Population Division",428,"Latvia","LV","LVA",65,"2014",4,"Median",3,"Both sexes",188,0,-1,"Total",0,"Not applicable",1,"Model-based Estimates",2,"Interpolation",1.64598
19,"Total fertility rate","Total fertility rate","World Population Prospects",2024,"United Nations Population Division",428,"Latvia","LV","LVA",66,"2015",4,"Median",3,"Both sexes",188,0,-1,"Total",0,"Not applicable",1,"Model-based Estimates",2,"Interpolation",1.706456
19,"Total fertility rate","Total fertility rate","World Population Prospects",2024,"United Nations Population Division",428,"Latvia","LV","LVA",67,"2016",4,"Median",3,"Both sexes",188,0,-1,"Total",0,"Not applicable",1,"Model-based Estimates",2,"Interpolation",1.742342
19,"Total fertility rate","Total fertility rate","World Population Prospects",2024,"United Nations Population Division",428,"Latvia","LV","LVA",68,"2017",4,"Median",3,"Both sexes",188,0,-1,"Total",0,"Not applicable",1,"Model-based Estimates",2,"Interpolation",1.698427
19,"Total fertility rate","Total fertility rate","World Population Prospects",2024,"United Nations Population Division",428,"Latvia","LV","LVA",69,"2018",4,"Median",3,"Both sexes",188,0,-1,"Total",0,"Not applicable",1,"Model-based Estimates",2,"Interpolation",1.61249
19,"Total fertility rate","Total fertility rate","World Population Prospects",2024,"United Nations Population Division",428,"Latvia","LV","LVA",70,"2019",4,"Median",3,"Both sexes",188,0,-1,"Total",0,"Not applicable",1,"Model-based Estimates",2,"Interpolation",1.609161
19,"Total fertility rate","Total fertility rate","World Population Prospects",2024,"United Nations Population Division",428,"Latvia","LV","LVA",71,"2020",4,"Median",3,"Both sexes",188,0,-1,"Total",0,"Not applicable",1,"Model-based Estimates",2,"Interpolation",1.5462
19,"Total fertility rate","Total fertility rate","World Population Prospects",2024,"United Nations Population Division",428,"Latvia","LV","LVA",72,"2021",4,"Median",3,"Both sexes",188,0,-1,"Total",0,"Not applicable",1,"Model-based Estimates",2,"Interpolation",1.5716
19,"Total fertility rate","Total fertility rate","World Population Prospects",2024,"United Nations Population Division",428,"Latvia","LV","LVA",73,"2022",4,"Median",3,"Both sexes",188,0,-1,"Total",0,"Not applicable",1,"Model-based Estimates",2,"Interpolation",1.47
19,"Total fertility rate","Total fertility rate","World Population Prospects",2024,"United Nations Population Division",428,"Latvia","LV","LVA",74,"2023",4,"Median",3,"Both sexes",188,0,-1,"Total",0,"Not applicable",1,"Model-based Estimates",2,"Interpolation",1.337526
19,"Total fertility rate","Total fertility rate","World Population Prospects",2024,"United Nations Population Division",440,"Lithuania","LT","LTU",51,"2000",4,"Median",3,"Both sexes",188,0,-1,"Total",0,"Not applicable",1,"Model-based Estimates",2,"Interpolation",1.383066
19,"Total fertility rate","Total fertility rate","World Population Prospects",2024,"United Nations Population Division",440,"Lithuania","LT","LTU",52,"2001",4,"Median",3,"Both sexes",188,0,-1,"Total",0,"Not applicable",1,"Model-based Estimates",2,"Interpolation",1.281169
19,"Total fertility rate","Total fertility rate","World Population Prospects",2024,"United Nations Population Division",440,"Lithuania","LT","LTU",53,"2002",4,"Median",3,"Both sexes",188,0,-1,"Total",0,"Not applicable",1,"Model-based Estimates",2,"Interpolation",1.231351
19,"Total fertility rate","Total fertility rate","World Population Prospects",2024,"United Nations Population Division",440,"Lithuania","LT","LTU",54,"2003",4,"Median",3,"Both sexes",188,0,-1,"Total",0,"Not applicable",1,"Model-based Estimates",2,"Interpolation",1.26048
19,"Total fertility rate","Total fertility rate","World Population Prospects",2024,"United Nations Population Division",440,"Lithuania","LT","LTU",55,"2004",4,"Median",3,"Both sexes",188,0,-1,"Total",0,"Not applicable",1,"Model-based Estimates",2,"Interpolation",1.271054
19,"Total fertility rate","Total fertility rate","World Population Prospects",2024,"United Nations Population Division",440,"Lithuania","LT","LTU",56,"2005",4,"Median",3,"Both sexes",188,0,-1,"Total",0,"Not applicable",1,"Model-based Estimates",2,"Interpolation",1.291236
19,"Total fertility rate","Total fertility rate","World Population Prospects",2024,"United Nations Population Division",440,"Lithuania","LT","LTU",57,"2006",4,"Median",3,"Both sexes",188,0,-1,"Total",0,"Not applicable",1,"Model-based Estimates",2,"Interpolation",1.322227
19,"Total fertility rate","Total fertility rate","World Population Prospects",2024,"United Nations Population Division",440,"Lithuania","LT","LTU",58,"2007",4,"Median",3,"Both sexes",188,0,-1,"Total",0,"Not applicable",1,"Model-based Estimates",2,"Interpolation",1.358856
19,"Total fertility rate","Total fertility rate","World Population Prospects",2024,"United Nations Population Division",440,"Lithuania","LT","LTU",59,"2008",4,"Median",3,"Both sexes",188,0,-1,"Total",0,"Not applicable",1,"Model-based Estimates",2,"Interpolation",1.444071
19,"Total fertility rate","Total fertility rate","World Population Prospects",2024,"United Nations Population Division",440,"Lithuania","LT","LTU",60,"2009",4,"Median",3,"Both sexes",188,0,-1,"Total",0,"Not applicable",1,"Model-based Estimates",2,"Interpolation",1.499453
19,"Total fertility rate","Total fertility rate","World Population Prospects",2024,"United Nations Population Division",440,"Lithuania","LT","LTU",61,"2010",4,"Median",3,"Both sexes",188,0,-1,"Total",0,"Not applicable",1,"Model-based Estimates",2,"Interpolation",1.499202
19,"Total fertility rate","Total fertility rate","World Population Prospects",2024,"United Nations Population Division",440,"Lithuania","LT","LTU",62,"2011",4,"Median",3,"Both sexes",188,0,-1,"Total",0,"Not applicable",1,"Model-based Estimates",2,"Interpolation",1.548247
19,"Total fertility rate","Total fertility rate","World Population Prospects",2024,"United Nations Population Division",440,"Lithuania","LT","LTU",63,"2012",4,"Median",3,"Both sexes",188,0,-1,"Total",0,"Not applicable",1,"Model-based Estimates",2,"Interpolation",1.591134
19,"Total fertility rate","Total fertility rate","World Population Prospects",2024,"United Nations Population Division",440,"Lithuania","LT","LTU",64,"2013",4,"Median",3,"Both sexes",188,0,-1,"Total",0,"Not applicable",1,"Model-based Estimates",2,"Interpolation",1.58291
19,"Total fertility rate","Total fertility rate","World Population Prospects",2024,"United Nations Population Division",440,"Lithuania","LT","LTU",65,"2014",4,"Median",3,"Both sexes",188,0,-1,"Total",0,"Not applicable",1,"Model-based Estimates",2,"Interpolation",1.628049
19,"Total fertility rate","Total fertility rate","World Population Prospects",2024,"United Nations Population Division",440,"Lithuania","LT","LTU",66,"2015",4,"Median",3,"Both sexes",188,0,-1,"Total",0,"Not applicable",1,"Model-based Estimates",2,"Interpolation",1.705244
19,"Total fertility rate","Total fertility rate","World Population Prospects",2024,"United Nations Population Division",440,"Lithuania","LT","LTU",67,"2016",4,"Median",3,"Both sexes",188,0,-1,"Total",0,"Not applicable",1,"Model-based Estimates",2,"Interpolation",1.692274
19,"Total fertility rate","Total fertility rate","World Population Prospects",2024,"United Nations Population Division",440,"Lithuania","LT","LTU",68,"2017",4,"Median",3,"Both sexes",188,0,-1,"Total",0,"Not applicable",1,"Model-based Estimates",2,"Interpolation",1.633237
19,"Total fertility rate","Total fertility rate","World Population Prospects",2024,"United Nations Population Division",440,"Lithuania","LT","LTU",69,"2018",4,"Median",3,"Both sexes",188,0,-1,"Total",0,"Not applicable",1,"Model-based Estimates",2,"Interpolation",1.635176
19,"Total fertility rate","Total fertility rate","World Population Prospects",2024,"United Nations Population Division",440,"Lithuania","LT","LTU",70,"2019",4,"Median",3,"Both sexes",188,0,-1,"Total",0,"Not applicable",1,"Model-based Estimates",2,"Interpolation",1.610225
19,"Total fertility rate","Total fertility rate","World Population Prospects",2024,"United Nations Population Division",440,"Lithuania","LT","LTU",71,"2020",4,"Median",3,"Both sexes",188,0,-1,"Total",0,"Not applicable",1,"Model-based Estimates",2,"Interpolation",1.487075
19,"Total fertility rate","Total fertility rate","World Population Prospects",2024,"United Nations Population Division",440,"Lithuania","LT","LTU",72,"2021",4,"Median",3,"Both sexes",188,0,-1,"Total",0,"Not applicable",1,"Model-based Estimates",2,"Interpolation",1.35873
19,"Total fertility rate","Total fertility rate","World Population Prospects",2024,"United Nations Population Division",440,"Lithuania","LT","LTU",73,"2022",4,"Median",3,"Both sexes",188,0,-1,"Total",0,"Not applicable",1,"Model-based Estimates",2,"Interpolation",1.27
19,"Total fertility rate","Total fertility rate","World Population Prospects",2024,"United Nations Population Division",440,"Lithuania","LT","LTU",74,"2023",4,"Median",3,"Both sexes",188,0,-1,"Total",0,"Not applicable",1,"Model-based Estimates",2,"Interpolation",1.201006
19,"Total fertility rate","Total fertility rate","World Population Prospects",2024,"United Nations Population Division",498,"Republic of Moldova","MD","MDA",51,"2000",4,"Median",3,"Both sexes",188,0,-1,"Total",0,"Not applicable",1,"Model-based Estimates",2,"Interpolation",1.496288
19,"Total fertility rate","Total fertility rate","World Population Prospects",2024,"United Nations Population Division",498,"Republic of Moldova","MD","MDA",52,"2001",4,"Median",3,"Both sexes",188,0,-1,"Total",0,"Not applicable",1,"Model-based Estimates",2,"Interpolation",1.470664
19,"Total fertility rate","Total fertility rate","World Population Prospects",2024,"United Nations Population Division",498,"Republic of Moldova","MD","MDA",53,"2002",4,"Median",3,"Both sexes",188,0,-1,"Total",0,"Not applicable",1,"Model-based Estimates",2,"Interpolation",1.447661
19,"Total fertility rate","Total fertility rate","World Population Prospects",2024,"United Nations Population Division",498,"Republic of Moldova","MD","MDA",54,"2003",4,"Median",3,"Both sexes",188,0,-1,"Total",0,"Not applicable",1,"Model-based Estimates",2,"Interpolation",1.479474
19,"Total fertility rate","Total fertility rate","World Population Prospects",2024,"United Nations Population Division",498,"Republic of Moldova","MD","MDA",55,"2004",4,"Median",3,"Both sexes",188,0,-1,"Total",0,"Not applicable",1,"Model-based Estimates",2,"Interpolation",1.543093
19,"Total fertility rate","Total fertility rate","World Population Prospects",2024,"United Nations Population Division",498,"Republic of Moldova","MD","MDA",56,"2005",4,"Median",3,"Both sexes",188,0,-1,"Total",0,"Not applicable",1,"Model-based Estimates",2,"Interpolation",1.527853
19,"Total fertility rate","Total fertility rate","World Population Prospects",2024,"United Nations Population Division",498,"Republic of Moldova","MD","MDA",57,"2006",4,"Median",3,"Both sexes",188,0,-1,"Total",0,"Not applicable",1,"Model-based Estimates",2,"Interpolation",1.536956
19,"Total fertility rate","Total fertility rate","World Population Prospects",2024,"United Nations Population Division",498,"Republic of Moldova","MD","MDA",58,"2007",4,"Median",3,"Both sexes",188,0,-1,"Total",0,"Not applicable",1,"Model-based Estimates",2,"Interpolation",1.574659
19,"Total fertility rate","Total fertility rate","World Population Prospects",2024,"United Nations Population Division",498,"Republic of Moldova","MD","MDA",59,"2008",4,"Median",3,"Both sexes",188,0,-1,"Total",0,"Not applicable",1,"Model-based Estimates",2,"Interpolation",1.637536
19,"Total fertility rate","Total fertility rate","World Population Prospects",2024,"United Nations Population Division",498,"Republic of Moldova","MD","MDA",60,"2009",4,"Median",3,"Both sexes",188,0,-1,"Total",0,"Not applicable",1,"Model-based Estimates",2,"Interpolation",1.718999
19,"Total fertility rate","Total fertility rate","World Population Prospects",2024,"United Nations Population Division",498,"Republic of Moldova","MD","MDA",61,"2010",4,"Median",3,"Both sexes",188,0,-1,"Total",0,"Not applicable",1,"Model-based Estimates",2,"Interpolation",1.703264
19,"Total fertility rate","Total fertility rate","World Population Prospects",2024,"United Nations Population Division",498,"Republic of Moldova","MD","MDA",62,"2011",4,"Median",3,"Both sexes",188,0,-1,"Total",0,"Not applicable",1,"Model-based Estimates",2,"Interpolation",1.650123
19,"Total fertility rate","Total fertility rate","World Population Prospects",2024,"United Nations Population Division",498,"Republic of Moldova","MD","MDA",63,"2012",4,"Median",3,"Both sexes",188,0,-1,"Total",0,"Not applicable",1,"Model-based Estimates",2,"Interpolation",1.661143
19,"Total fertility rate","Total fertility rate","World Population Prospects",2024,"United Nations Population Division",498,"Republic of Moldova","MD","MDA",64,"2013",4,"Median",3,"Both sexes",188,0,-1,"Total",0,"Not applicable",1,"Model-based Estimates",2,"Interpolation",1.621657
19,"Total fertility rate","Total fertility rate","World Population Prospects",2024,"United Nations Population Division",498,"Republic of Moldova","MD","MDA",65,"2014",4,"Median",3,"Both sexes",188,0,-1,"Total",0,"Not applicable",1,"Model-based Estimates",2,"Interpolation",1.82
19,"Total fertility rate","Total fertility rate","World Population Prospects",2024,"United Nations Population Division",498,"Republic of Moldova","MD","MDA",66,"2015",4,"Median",3,"Both sexes",188,0,-1,"Total",0,"Not applicable",1,"Model-based Estimates",2,"Interpolation",1.87
19,"Total fertility rate","Total fertility rate","World Population Prospects",2024,"United Nations Population Division",498,"Republic of Moldova","MD","MDA",67,"2016",4,"Median",3,"Both sexes",188,0,-1,"Total",0,"Not applicable",1,"Model-based Estimates",2,"Interpolation",1.89
19,"Total fertility rate","Total fertility rate","World Population Prospects",2024,"United Nations Population Division",498,"Republic of Moldova","MD","MDA",68,"2017",4,"Median",3,"Both sexes",188,0,-1,"Total",0,"Not applicable",1,"Model-based Estimates",2,"Interpolation",1.81
19,"Total fertility rate","Total fertility rate","World Population Prospects",2024,"United Nations Population Division",498,"Republic of Moldova","MD","MDA",69,"2018",4,"Median",3,"Both sexes",188,0,-1,"Total",0,"Not applicable",1,"Model-based Estimates",2,"Interpolation",1.81
19,"Total fertility rate","Total fertility rate","World Population Prospects",2024,"United Nations Population Division",498,"Republic of Moldova","MD","MDA",70,"2019",4,"Median",3,"Both sexes",188,0,-1,"Total",0,"Not applicable",1,"Model-based Estimates",2,"Interpolation",1.78
19,"Total fertility rate","Total fertility rate","World Population Prospects",2024,"United Nations Population Division",498,"Republic of Moldova","MD","MDA",71,"2020",4,"Median",3,"Both sexes",188,0,-1,"Total",0,"Not applicable",1,"Model-based Estimates",2,"Interpolation",1.77
19,"Total fertility rate","Total fertility rate","World Population Prospects",2024,"United Nations Population Division",498,"Republic of Moldova","MD","MDA",72,"2021",4,"Median",3,"Both sexes",188,0,-1,"Total",0,"Not applicable",1,"Model-based Estimates",2,"Interpolation",1.7505
19,"Total fertility rate","Total fertility rate","World Population Prospects",2024,"United Nations Population Division",498,"Republic of Moldova","MD","MDA",73,"2022",4,"Median",3,"Both sexes",188,0,-1,"Total",0,"Not applicable",1,"Model-based Estimates",2,"Interpolation",1.694409
19,"Total fertility rate","Total fertility rate","World Population Prospects",2024,"United Nations Population Division",498,"Republic of Moldova","MD","MDA",74,"2023",4,"Median",3,"Both sexes",188,0,-1,"Total",0,"Not applicable",1,"Model-based Estimates",3,"Projection",1.730637
19,"Total fertility rate","Total fertility rate","World Population Prospects",2024,"United Nations Population Division",643,"Russian Federation","RU","RUS",51,"2000",4,"Median",3,"Both sexes",188,0,-1,"Total",0,"Not applicable",1,"Model-based Estimates",2,"Interpolation",1.189782
19,"Total fertility rate","Total fertility rate","World Population Prospects",2024,"United Nations Population Division",643,"Russian Federation","RU","RUS",52,"2001",4,"Median",3,"Both sexes",188,0,-1,"Total",0,"Not applicable",1,"Model-based Estimates",2,"Interpolation",1.220712
19,"Total fertility rate","Total fertility rate","World Population Prospects",2024,"United Nations Population Division",643,"Russian Federation","RU","RUS",53,"2002",4,"Median",3,"Both sexes",188,0,-1,"Total",0,"Not applicable",1,"Model-based Estimates",2,"Interpolation",1.287229
19,"Total fertility rate","Total fertility rate","World Population Prospects",2024,"United Nations Population Division",643,"Russian Federation","RU","RUS",54,"2003",4,"Median",3,"Both sexes",188,0,-1,"Total",0,"Not applicable",1,"Model-based Estimates",2,"Interpolation",1.333674
19,"Total fertility rate","Total fertility rate","World Population Prospects",2024,"United Nations Population Division",643,"Russian Federation","RU","RUS",55,"2004",4,"Median",3,"Both sexes",188,0,-1,"Total",0,"Not applicable",1,"Model-based Estimates",2,"Interpolation",1.345017
19,"Total fertility rate","Total fertility rate","World Population Prospects",2024,"United Nations Population Division",643,"Russian Federation","RU","RUS",56,"2005",4,"Median",3,"Both sexes",188,0,-1,"Total",0,"Not applicable",1,"Model-based Estimates",2,"Interpolation",1.298916
19,"Total fertility rate","Total fertility rate","World Population Prospects",2024,"United Nations Population Division",643,"Russian Federation","RU","RUS",57,"2006",4,"Median",3,"Both sexes",188,0,-1,"Total",0,"Not applicable",1,"Model-based Estimates",2,"Interpolation",1.314641
19,"Total fertility rate","Total fertility rate","World Population Prospects",2024,"United Nations Population Division",643,"Russian Federation","RU","RUS",58,"2007",4,"Median",3,"Both sexes",188,0,-1,"Total",0,"Not applicable",1,"Model-based Estimates",2,"Interpolation",1.427691
19,"Total fertility rate","Total fertility rate","World Population Prospects",2024,"United Nations Population Division",643,"Russian Federation","RU","RUS",59,"2008",4,"Median",3,"Both sexes",188,0,-1,"Total",0,"Not applicable",1,"Model-based Estimates",2,"Interpolation",1.517152
19,"Total fertility rate","Total fertility rate","World Population Prospects",2024,"United Nations Population Division",643,"Russian Federation","RU","RUS",60,"2009",4,"Median",3,"Both sexes",188,0,-1,"Total",0,"Not applicable",1,"Model-based Estimates",2,"Interpolation",1.558792
19,"Total fertility rate","Total fertility rate","World Population Prospects",2024,"United Nations Population Division",643,"Russian Federation","RU","RUS",61,"2010",4,"Median",3,"Both sexes",188,0,-1,"Total",0,"Not applicable",1,"Model-based Estimates",2,"Interpolation",1.585282
19,"Total fertility rate","Total fertility rate","World Population Prospects",2024,"United Nations Population Division",643,"Russian Federation","RU","RUS",62,"2011",4,"Median",3,"Both sexes",188,0,-1,"Total",0,"Not applicable",1,"Model-based Estimates",2,"Interpolation",1.600857
19,"Total fertility rate","Total fertility rate","World Population Prospects",2024,"United Nations Population Division",643,"Russian Federation","RU","RUS",63,"2012",4,"Median",3,"Both sexes",188,0,-1,"Total",0,"Not applicable",1,"Model-based Estimates",2,"Interpolation",1.708244
19,"Total fertility rate","Total fertility rate","World Population Prospects",2024,"United Nations Population Division",643,"Russian Federation","RU","RUS",64,"2013",4,"Median",3,"Both sexes",188,0,-1,"Total",0,"Not applicable",1,"Model-based Estimates",2,"Interpolation",1.724581
19,"Total fertility rate","Total fertility rate","World Population Prospects",2024,"United Nations Population Division",643,"Russian Federation","RU","RUS",65,"2014",4,"Median",3,"Both sexes",188,0,-1,"Total",0,"Not applicable",1,"Model-based Estimates",2,"Interpolation",1.766485
19,"Total fertility rate","Total fertility rate","World Population Prospects",2024,"United Nations Population Division",643,"Russian Federation","RU","RUS",66,"2015",4,"Median",3,"Both sexes",188,0,-1,"Total",0,"Not applicable",1,"Model-based Estimates",2,"Interpolation",1.790093
19,"Total fertility rate","Total fertility rate","World Population Prospects",2024,"United Nations Population Division",643,"Russian Federation","RU","RUS",67,"2016",4,"Median",3,"Both sexes",188,0,-1,"Total",0,"Not applicable",1,"Model-based Estimates",2,"Interpolation",1.773402
19,"Total fertility rate","Total fertility rate","World Population Prospects",2024,"United Nations Population Division",643,"Russian Federation","RU","RUS",68,"2017",4,"Median",3,"Both sexes",188,0,-1,"Total",0,"Not applicable",1,"Model-based Estimates",2,"Interpolation",1.626532
19,"Total fertility rate","Total fertility rate","World Population Prospects",2024,"United Nations Population Division",643,"Russian Federation","RU","RUS",69,"2018",4,"Median",3,"Both sexes",188,0,-1,"Total",0,"Not applicable",1,"Model-based Estimates",2,"Interpolation",1.581342
19,"Total fertility rate","Total fertility rate","World Population Prospects",2024,"United Nations Population Division",643,"Russian Federation","RU","RUS",70,"2019",4,"Median",3,"Both sexes",188,0,-1,"Total",0,"Not applicable",1,"Model-based Estimates",2,"Interpolation",1.504
19,"Total fertility rate","Total fertility rate","World Population Prospects",2024,"United Nations Population Division",643,"Russian Federation","RU","RUS",71,"2020",4,"Median",3,"Both sexes",188,0,-1,"Total",0,"Not applicable",1,"Model-based Estimates",2,"Interpolation",1.505
19,"Total fertility rate","Total fertility rate","World Population Prospects",2024,"United Nations Population Division",643,"Russian Federation","RU","RUS",72,"2021",4,"Median",3,"Both sexes",188,0,-1,"Total",0,"Not applicable",1,"Model-based Estimates",2,"Interpolation",1.505
19,"Total fertility rate","Total fertility rate","World Population Prospects",2024,"United Nations Population Division",643,"Russian Federation","RU","RUS",73,"2022",4,"Median",3,"Both sexes",188,0,-1,"Total",0,"Not applicable",1,"Model-based Estimates",2,"Interpolation",1.452
19,"Total fertility rate","Total fertility rate","World Population Prospects",2024,"United Nations Population Division",643,"Russian Federation","RU","RUS",74,"2023",4,"Median",3,"Both sexes",188,0,-1,"Total",0,"Not applicable",1,"Model-based Estimates",2,"Interpolation",1.449
19,"Total fertility rate","Total fertility rate","World Population Prospects",2024,"United Nations Population Division",762,"Tajikistan","TJ","TJK",51,"2000",4,"Median",3,"Both sexes",188,0,-1,"Total",0,"Not applicable",1,"Model-based Estimates",2,"Interpolation",3.49
19,"Total fertility rate","Total fertility rate","World Population Prospects",2024,"United Nations Population Division",762,"Tajikistan","TJ","TJK",52,"2001",4,"Median",3,"Both sexes",188,0,-1,"Total",0,"Not applicable",1,"Model-based Estimates",2,"Interpolation",3.49
19,"Total fertility rate","Total fertility rate","World Population Prospects",2024,"United Nations Population Division",762,"Tajikistan","TJ","TJK",53,"2002",4,"Median",3,"Both sexes",188,0,-1,"Total",0,"Not applicable",1,"Model-based Estimates",2,"Interpolation",3.47
19,"Total fertility rate","Total fertility rate","World Population Prospects",2024,"United Nations Population Division",762,"Tajikistan","TJ","TJK",54,"2003",4,"Median",3,"Both sexes",188,0,-1,"Total",0,"Not applicable",1,"Model-based Estimates",2,"Interpolation",3.42
19,"Total fertility rate","Total fertility rate","World Population Prospects",2024,"United Nations Population Division",762,"Tajikistan","TJ","TJK",55,"2004",4,"Median",3,"Both sexes",188,0,-1,"Total",0,"Not applicable",1,"Model-based Estimates",2,"Interpolation",3.507367
19,"Total fertility rate","Total fertility rate","World Population Prospects",2024,"United Nations Population Division",762,"Tajikistan","TJ","TJK",56,"2005",4,"Median",3,"Both sexes",188,0,-1,"Total",0,"Not applicable",1,"Model-based Estimates",2,"Interpolation",3.397875
19,"Total fertility rate","Total fertility rate","World Population Prospects",2024,"United Nations Population Division",762,"Tajikistan","TJ","TJK",57,"2006",4,"Median",3,"Both sexes",188,0,-1,"Total",0,"Not applicable",1,"Model-based Estimates",2,"Interpolation",3.341013
19,"Total fertility rate","Total fertility rate","World Population Prospects",2024,"United Nations Population Division",762,"Tajikistan","TJ","TJK",58,"2007",4,"Median",3,"Both sexes",188,0,-1,"Total",0,"Not applicable",1,"Model-based Estimates",2,"Interpolation",3.367402
19,"Total fertility rate","Total fertility rate","World Population Prospects",2024,"United Nations Population Division",762,"Tajikistan","TJ","TJK",59,"2008",4,"Median",3,"Both sexes",188,0,-1,"Total",0,"Not applicable",1,"Model-based Estimates",2,"Interpolation",3.388089
19,"Total fertility rate","Total fertility rate","World Population Prospects",2024,"United Nations Population Division",762,"Tajikistan","TJ","TJK",60,"2009",4,"Median",3,"Both sexes",188,0,-1,"Total",0,"Not applicable",1,"Model-based Estimates",2,"Interpolation",3.429676
19,"Total fertility rate","Total fertility rate","World Population Prospects",2024,"United Nations Population Division",762,"Tajikistan","TJ","TJK",61,"2010",4,"Median",3,"Both sexes",188,0,-1,"Total",0,"Not applicable",1,"Model-based Estimates",2,"Interpolation",3.456939
19,"Total fertility rate","Total fertility rate","World Population Prospects",2024,"United Nations Population Division",762,"Tajikistan","TJ","TJK",62,"2011",4,"Median",3,"Both sexes",188,0,-1,"Total",0,"Not applicable",1,"Model-based Estimates",2,"Interpolation",3.456335
19,"Total fertility rate","Total fertility rate","World Population Prospects",2024,"United Nations Population Division",762,"Tajikistan","TJ","TJK",63,"2012",4,"Median",3,"Both sexes",188,0,-1,"Total",0,"Not applicable",1,"Model-based Estimates",2,"Interpolation",3.421208
19,"Total fertility rate","Total fertility rate","World Population Prospects",2024,"United Nations Population Division",762,"Tajikistan","TJ","TJK",64,"2013",4,"Median",3,"Both sexes",188,0,-1,"Total",0,"Not applicable",1,"Model-based Estimates",2,"Interpolation",3.432918
19,"Total fertility rate","Total fertility rate","World Population Prospects",2024,"United Nations Population Division",762,"Tajikistan","TJ","TJK",65,"2014",4,"Median",3,"Both sexes",188,0,-1,"Total",0,"Not applicable",1,"Model-based Estimates",2,"Interpolation",3.459384
19,"Total fertility rate","Total fertility rate","World Population Prospects",2024,"United Nations Population Division",762,"Tajikistan","TJ","TJK",66,"2015",4,"Median",3,"Both sexes",188,0,-1,"Total",0,"Not applicable",1,"Model-based Estimates",2,"Interpolation",3.458874
19,"Total fertility rate","Total fertility rate","World Population Prospects",2024,"United Nations Population Division",762,"Tajikistan","TJ","TJK",67,"2016",4,"Median",3,"Both sexes",188,0,-1,"Total",0,"Not applicable",1,"Model-based Estimates",2,"Interpolation",3.384335
19,"Total fertility rate","Total fertility rate","World Population Prospects",2024,"United Nations Population Division",762,"Tajikistan","TJ","TJK",68,"2017",4,"Median",3,"Both sexes",188,0,-1,"Total",0,"Not applicable",1,"Model-based Estimates",2,"Interpolation",3.290289
19,"Total fertility rate","Total fertility rate","World Population Prospects",2024,"United Nations Population Division",762,"Tajikistan","TJ","TJK",69,"2018",4,"Median",3,"Both sexes",188,0,-1,"Total",0,"Not applicable",1,"Model-based Estimates",2,"Interpolation",3.294309
19,"Total fertility rate","Total fertility rate","World Population Prospects",2024,"United Nations Population Division",762,"Tajikistan","TJ","TJK",70,"2019",4,"Median",3,"Both sexes",188,0,-1,"Total",0,"Not applicable",1,"Model-based Estimates",2,"Interpolation",3.281065
19,"Total fertility rate","Total fertility rate","World Population Prospects",2024,"United Nations Population Division",762,"Tajikistan","TJ","TJK",71,"2020",4,"Median",3,"Both sexes",188,0,-1,"Total",0,"Not applicable",1,"Model-based Estimates",3,"Projection",3.211409
19,"Total fertility rate","Total fertility rate","World Population Prospects",2024,"United Nations Population Division",762,"Tajikistan","TJ","TJK",72,"2021",4,"Median",3,"Both sexes",188,0,-1,"Total",0,"Not applicable",1,"Model-based Estimates",3,"Projection",3.16958
19,"Total fertility rate","Total fertility rate","World Population Prospects",2024,"United Nations Population Division",762,"Tajikistan","TJ","TJK",73,"2022",4,"Median",3,"Both sexes",188,0,-1,"Total",0,"Not applicable",1,"Model-based Estimates",3,"Projection",3.126816
19,"Total fertility rate","Total fertility rate","World Population Prospects",2024,"United Nations Population Division",762,"Tajikistan","TJ","TJK",74,"2023",4,"Median",3,"Both sexes",188,0,-1,"Total",0,"Not applicable",1,"Model-based Estimates",3,"Projection",3.072325
19,"Total fertility rate","Total fertility rate","World Population Prospects",2024,"United Nations Population Division",804,"Ukraine","UA","UKR",51,"2000",4,"Median",3,"Both sexes",188,0,-1,"Total",0,"Not applicable",1,"Model-based Estimates",2,"Interpolation",1.108471
19,"Total fertility rate","Total fertility rate","World Population Prospects",2024,"United Nations Population Division",804,"Ukraine","UA","UKR",52,"2001",4,"Median",3,"Both sexes",188,0,-1,"Total",0,"Not applicable",1,"Model-based Estimates",2,"Interpolation",1.09163
19,"Total fertility rate","Total fertility rate","World Population Prospects",2024,"United Nations Population Division",804,"Ukraine","UA","UKR",53,"2002",4,"Median",3,"Both sexes",188,0,-1,"Total",0,"Not applicable",1,"Model-based Estimates",2,"Interpolation",1.126666
19,"Total fertility rate","Total fertility rate","World Population Prospects",2024,"United Nations Population Division",804,"Ukraine","UA","UKR",54,"2003",4,"Median",3,"Both sexes",188,0,-1,"Total",0,"Not applicable",1,"Model-based Estimates",2,"Interpolation",1.173023
19,"Total fertility rate","Total fertility rate","World Population Prospects",2024,"United Nations Population Division",804,"Ukraine","UA","UKR",55,"2004",4,"Median",3,"Both sexes",188,0,-1,"Total",0,"Not applicable",1,"Model-based Estimates",2,"Interpolation",1.214726
19,"Total fertility rate","Total fertility rate","World Population Prospects",2024,"United Nations Population Division",804,"Ukraine","UA","UKR",56,"2005",4,"Median",3,"Both sexes",188,0,-1,"Total",0,"Not applicable",1,"Model-based Estimates",2,"Interpolation",1.220777
19,"Total fertility rate","Total fertility rate","World Population Prospects",2024,"United Nations Population Division",804,"Ukraine","UA","UKR",57,"2006",4,"Median",3,"Both sexes",188,0,-1,"Total",0,"Not applicable",1,"Model-based Estimates",2,"Interpolation",1.296785
19,"Total fertility rate","Total fertility rate","World Population Prospects",2024,"United Nations Population Division",804,"Ukraine","UA","UKR",58,"2007",4,"Median",3,"Both sexes",188,0,-1,"Total",0,"Not applicable",1,"Model-based Estimates",2,"Interpolation",1.342733
19,"Total fertility rate","Total fertility rate","World Population Prospects",2024,"United Nations Population Division",804,"Ukraine","UA","UKR",59,"2008",4,"Median",3,"Both sexes",188,0,-1,"Total",0,"Not applicable",1,"Model-based Estimates",2,"Interpolation",1.444171
19,"Total fertility rate","Total fertility rate","World Population Prospects",2024,"United Nations Population Division",804,"Ukraine","UA","UKR",60,"2009",4,"Median",3,"Both sexes",188,0,-1,"Total",0,"Not applicable",1,"Model-based Estimates",2,"Interpolation",1.469502
19,"Total fertility rate","Total fertility rate","World Population Prospects",2024,"United Nations Population Division",804,"Ukraine","UA","UKR",61,"2010",4,"Median",3,"Both sexes",188,0,-1,"Total",0,"Not applicable",1,"Model-based Estimates",2,"Interpolation",1.436126
19,"Total fertility rate","Total fertility rate","World Population Prospects",2024,"United Nations Population Division",804,"Ukraine","UA","UKR",62,"2011",4,"Median",3,"Both sexes",188,0,-1,"Total",0,"Not applicable",1,"Model-based Estimates",2,"Interpolation",1.464018
19,"Total fertility rate","Total fertility rate","World Population Prospects",2024,"United Nations Population Division",804,"Ukraine","UA","UKR",63,"2012",4,"Median",3,"Both sexes",188,0,-1,"Total",0,"Not applicable",1,"Model-based Estimates",2,"Interpolation",1.528347
19,"Total fertility rate","Total fertility rate","World Population Prospects",2024,"United Nations Population Division",804,"Ukraine","UA","UKR",64,"2013",4,"Median",3,"Both sexes",188,0,-1,"Total",0,"Not applicable",1,"Model-based Estimates",2,"Interpolation",1.515169
19,"Total fertility rate","Total fertility rate","World Population Prospects",2024,"United Nations Population Division",804,"Ukraine","UA","UKR",65,"2014",4,"Median",3,"Both sexes",188,0,-1,"Total",0,"Not applicable",1,"Model-based Estimates",2,"Interpolation",1.466096
19,"Total fertility rate","Total fertility rate","World Population Prospects",2024,"United Nations Population Division",804,"Ukraine","UA","UKR",66,"2015",4,"Median",3,"Both sexes",188,0,-1,"Total",0,"Not applicable",1,"Model-based Estimates",2,"Interpolation",1.386783
19,"Total fertility rate","Total fertility rate","World Population Prospects",2024,"United Nations Population Division",804,"Ukraine","UA","UKR",67,"2016",4,"Median",3,"Both sexes",188,0,-1,"Total",0,"Not applicable",1,"Model-based Estimates",2,"Interpolation",1.391451
19,"Total fertility rate","Total fertility rate","World Population Prospects",2024,"United Nations Population Division",804,"Ukraine","UA","UKR",68,"2017",4,"Median",3,"Both sexes",188,0,-1,"Total",0,"Not applicable",1,"Model-based Estimates",2,"Interpolation",1.299933
19,"Total fertility rate","Total fertility rate","World Population Prospects",2024,"United Nations Population Division",804,"Ukraine","UA","UKR",69,"2018",4,"Median",3,"Both sexes",188,0,-1,"Total",0,"Not applicable",1,"Model-based Estimates",2,"Interpolation",1.233007
19,"Total fertility rate","Total fertility rate","World Population Prospects",2024,"United Nations Population Division",804,"Ukraine","UA","UKR",70,"2019",4,"Median",3,"Both sexes",188,0,-1,"Total",0,"Not applicable",1,"Model-based Estimates",2,"Interpolation",1.217631
19,"Total fertility rate","Total fertility rate","World Population Prospects",2024,"United Nations Population Division",804,"Ukraine","UA","UKR",71,"2020",4,"Median",3,"Both sexes",188,0,-1,"Total",0,"Not applicable",1,"Model-based Estimates",2,"Interpolation",1.208113
19,"Total fertility rate","Total fertility rate","World Population Prospects",2024,"United Nations Population Division",804,"Ukraine","UA","UKR",72,"2021",4,"Median",3,"Both sexes",188,0,-1,"Total",0,"Not applicable",1,"Model-based Estimates",3,"Projection",1.147523
19,"Total fertility rate","Total fertility rate","World Population Prospects",2024,"United Nations Population Division",804,"Ukraine","UA","UKR",73,"2022",4,"Median",3,"Both sexes",188,0,-1,"Total",0,"Not applicable",1,"Model-based Estimates",3,"Projection",0.897
19,"Total fertility rate","Total fertility rate","World Population Prospects",2024,"United Nations Population Division",804,"Ukraine","UA","UKR",74,"2023",4,"Median",3,"Both sexes",188,0,-1,"Total",0,"Not applicable",1,"Model-based Estimates",3,"Projection",0.977
19,"Total fertility rate","Total fertility rate","World Population Prospects",2024,"United Nations Population Division",860,"Uzbekistan","UZ","UZB",51,"2000",4,"Median",3,"Both sexes",188,0,-1,"Total",0,"Not applicable",1,"Model-based Estimates",2,"Interpolation",2.696102
19,"Total fertility rate","Total fertility rate","World Population Prospects",2024,"United Nations Population Division",860,"Uzbekistan","UZ","UZB",52,"2001",4,"Median",3,"Both sexes",188,0,-1,"Total",0,"Not applicable",1,"Model-based Estimates",2,"Interpolation",2.609737
19,"Total fertility rate","Total fertility rate","World Population Prospects",2024,"United Nations Population Division",860,"Uzbekistan","UZ","UZB",53,"2002",4,"Median",3,"Both sexes",188,0,-1,"Total",0,"Not applicable",1,"Model-based Estimates",2,"Interpolation",2.574738
19,"Total fertility rate","Total fertility rate","World Population Prospects",2024,"United Nations Population Division",860,"Uzbekistan","UZ","UZB",54,"2003",4,"Median",3,"Both sexes",188,0,-1,"Total",0,"Not applicable",1,"Model-based Estimates",2,"Interpolation",2.503429
19,"Total fertility rate","Total fertility rate","World Population Prospects",2024,"United Nations Population Division",860,"Uzbekistan","UZ","UZB",55,"2004",4,"Median",3,"Both sexes",188,0,-1,"Total",0,"Not applicable",1,"Model-based Estimates",2,"Interpolation",2.496159
19,"Total fertility rate","Total fertility rate","World Population Prospects",2024,"United Nations Population Division",860,"Uzbekistan","UZ","UZB",56,"2005",4,"Median",3,"Both sexes",188,0,-1,"Total",0,"Not applicable",1,"Model-based Estimates",2,"Interpolation",2.4381
19,"Total fertility rate","Total fertility rate","World Population Prospects",2024,"United Nations Population Division",860,"Uzbekistan","UZ","UZB",57,"2006",4,"Median",3,"Both sexes",188,0,-1,"Total",0,"Not applicable",1,"Model-based Estimates",2,"Interpolation",2.461132
19,"Total fertility rate","Total fertility rate","World Population Prospects",2024,"United Nations Population Division",860,"Uzbekistan","UZ","UZB",58,"2007",4,"Median",3,"Both sexes",188,0,-1,"Total",0,"Not applicable",1,"Model-based Estimates",2,"Interpolation",2.573356
19,"Total fertility rate","Total fertility rate","World Population Prospects",2024,"United Nations Population Division",860,"Uzbekistan","UZ","UZB",59,"2008",4,"Median",3,"Both sexes",188,0,-1,"Total",0,"Not applicable",1,"Model-based Estimates",2,"Interpolation",2.634888
19,"Total fertility rate","Total fertility rate","World Population Prospects",2024,"United Nations Population Division",860,"Uzbekistan","UZ","UZB",60,"2009",4,"Median",3,"Both sexes",188,0,-1,"Total",0,"Not applicable",1,"Model-based Estimates",2,"Interpolation",2.559144
19,"Total fertility rate","Total fertility rate","World Population Prospects",2024,"United Nations Population Division",860,"Uzbekistan","UZ","UZB",61,"2010",4,"Median",3,"Both sexes",188,0,-1,"Total",0,"Not applicable",1,"Model-based Estimates",2,"Interpolation",2.44213
19,"Total fertility rate","Total fertility rate","World Population Prospects",2024,"United Nations Population Division",860,"Uzbekistan","UZ","UZB",62,"2011",4,"Median",3,"Both sexes",188,0,-1,"Total",0,"Not applicable",1,"Model-based Estimates",2,"Interpolation",2.353628
19,"Total fertility rate","Total fertility rate","World Population Prospects",2024,"United Nations Population Division",860,"Uzbekistan","UZ","UZB",63,"2012",4,"Median",3,"Both sexes",188,0,-1,"Total",0,"Not applicable",1,"Model-based Estimates",2,"Interpolation",2.336733
19,"Total fertility rate","Total fertility rate","World Population Prospects",2024,"United Nations Population Division",860,"Uzbekistan","UZ","UZB",64,"2013",4,"Median",3,"Both sexes",188,0,-1,"Total",0,"Not applicable",1,"Model-based Estimates",2,"Interpolation",2.445493
19,"Total fertility rate","Total fertility rate","World Population Prospects",2024,"United Nations Population Division",860,"Uzbekistan","UZ","UZB",65,"2014",4,"Median",3,"Both sexes",188,0,-1,"Total",0,"Not applicable",1,"Model-based Estimates",2,"Interpolation",2.546374
19,"Total fertility rate","Total fertility rate","World Population Prospects",2024,"United Nations Population Division",860,"Uzbekistan","UZ","UZB",66,"2015",4,"Median",3,"Both sexes",188,0,-1,"Total",0,"Not applicable",1,"Model-based Estimates",2,"Interpolation",2.582871
19,"Total fertility rate","Total fertility rate","World Population Prospects",2024,"United Nations Population Division",860,"Uzbekistan","UZ","UZB",67,"2016",4,"Median",3,"Both sexes",188,0,-1,"Total",0,"Not applicable",1,"Model-based Estimates",2,"Interpolation",2.564492
19,"Total fertility rate","Total fertility rate","World Population Prospects",2024,"United Nations Population Division",860,"Uzbekistan","UZ","UZB",68,"2017",4,"Median",3,"Both sexes",188,0,-1,"Total",0,"Not applicable",1,"Model-based Estimates",2,"Interpolation",2.570115
19,"Total fertility rate","Total fertility rate","World Population Prospects",2024,"United Nations Population Division",860,"Uzbekistan","UZ","UZB",69,"2018",4,"Median",3,"Both sexes",188,0,-1,"Total",0,"Not applicable",1,"Model-based Estimates",2,"Interpolation",2.712941
19,"Total fertility rate","Total fertility rate","World Population Prospects",2024,"United Nations Population Division",860,"Uzbekistan","UZ","UZB",70,"2019",4,"Median",3,"Both sexes",188,0,-1,"Total",0,"Not applicable",1,"Model-based Estimates",2,"Interpolation",2.869214
19,"Total fertility rate","Total fertility rate","World Population Prospects",2024,"United Nations Population Division",860,"Uzbekistan","UZ","UZB",71,"2020",4,"Median",3,"Both sexes",188,0,-1,"Total",0,"Not applicable",1,"Model-based Estimates",2,"Interpolation",3.062255
19,"Total fertility rate","Total fertility rate","World Population Prospects",2024,"United Nations Population Division",860,"Uzbekistan","UZ","UZB",72,"2021",4,"Median",3,"Both sexes",188,0,-1,"Total",0,"Not applicable",1,"Model-based Estimates",2,"Interpolation",3.272864
19,"Total fertility rate","Total fertility rate","World Population Prospects",2024,"United Nations Population Division",860,"Uzbekistan","UZ","UZB",73,"2022",4,"Median",3,"Both sexes",188,0,-1,"Total",0,"Not applicable",1,"Model-based Estimates",2,"Interpolation",3.396064
19,"Total fertility rate","Total fertility rate","World Population Prospects",2024,"United Nations Population Division",860,"Uzbekistan","UZ","UZB",74,"2023",4,"Median",3,"Both sexes",188,0,-1,"Total",0,"Not applicable",1,"Model-based Estimates",3,"Projection",3.5
